git_trigger_commit,gh_project_name,tr_status,tr_started_at,tr_finished_at,tr_duration,gh_files_changed,gh_lines_added,gh_lines_deleted,gh_src_churn,gh_tests_run,gh_tests_added,gh_is_pr,git_committed_at,git_author_email,git_author_name
3709c4a9a87e6ce8c26dc4a951e1df52ac9ecad0,pallets/flask,passed,2026-01-25 02:59:21,2026-01-25 02:59:46,25.0,,,,,,,true,,,davidism
5559ef42b5334075cbde82b2870ca725ac606fa4,pallets/flask,passed,2026-01-25 03:00:27,2026-01-25 03:00:55,28.0,,,,,,,false,,,davidism
fe3b215d3ade4db68262dae1a3cdc464a1fc524f,pallets/flask,passed,2026-01-25 03:02:57,2026-01-25 03:03:19,22.0,,,,,,,true,,,davidism
4f79d5b59a56bc4356a97f2e81a35f98cb18d7b3,pallets/flask,passed,2026-01-25 03:04:10,2026-01-25 03:05:03,53.0,,,,,,,false,,,davidism
9b74a90dd3c47f792734823e8793ac36f38bc4dd,pallets/flask,passed,2026-01-25 03:11:09,2026-01-25 03:11:30,21.0,,,,,,,false,,,davidism
c77a5203438fe772d41f6a47303ad3f57a4efe6d,pallets/flask,passed,2026-01-25 03:51:30,2026-01-25 03:51:46,16.0,,,,,,,true,,,davidism
0292047b22c82921dcf165322d93a0b988328c2e,pallets/flask,passed,2026-01-25 03:52:17,2026-01-25 03:52:44,27.0,,,,,,,false,,,davidism
4b8bde97d4fa3486e18dce21c3c5f75570d50164,pallets/flask,passed,2026-01-25 03:53:15,2026-01-25 03:53:29,14.0,,,,,,,false,,,davidism
23df07d799f0bed3feb5beb9e5633651687da92b,pallets/flask,passed,2026-01-25 03:55:43,2026-01-25 03:56:04,21.0,,,,,,,false,,,davidism
ac5664d2281533eacafd64f5cc7d5edcdaccab60,pallets/flask,passed,2026-01-25 18:34:41,2026-01-25 18:34:56,15.0,,,,,,,true,,,davidism
407eb76b27884848383a37c7274654f0271e4bc4,pallets/flask,passed,2026-01-25 18:35:15,2026-01-25 18:35:36,21.0,,,,,,,false,,,davidism
798e006f435887adceb6aab9b57cde8e20276793,pallets/flask,passed,2026-01-25 18:38:49,2026-01-25 18:39:10,21.0,,,,,,,false,,,davidism
3d03098a97ddc6a908aa4a50c2ef7381f8297d0a,pallets/flask,passed,2026-01-27 08:24:09,2026-01-27 08:24:24,15.0,,,,,,,true,,,marcows
17e611808e8490a4a5530db0a5e9040a7f33ae2f,pallets/flask,passed,2026-01-27 13:46:15,2026-01-27 13:46:51,36.0,,,,,,,true,,,ANU5565
4e652d3f68b90d50aa2301d3b7e68c3fafd9251d,pallets/flask,passed,2026-01-28 15:43:05,2026-01-28 15:43:27,22.0,,,,,,,false,,,davidism
280e0aaee85413d208a57133562d372e592f9df8,pallets/flask,passed,2026-01-31 12:07:22,2026-01-31 12:07:39,17.0,,,,,,,true,,,Anusha0710
e2e59bc37792d3b5bdc590e2ded0689475c8a3c5,pallets/flask,passed,2026-01-31 21:31:38,2026-01-31 21:31:53,15.0,,,,,,,true,,,jnvw
64171492fb0b27ca1db05398239926b23c0cfdd5,pallets/flask,passed,2026-01-31 21:36:04,2026-01-31 21:36:25,21.0,,,,,,,true,,,jnvw
5e621a2801daf95be6d208da9dcc287bb251f63c,pallets/flask,failed,2026-02-03 18:20:16,2026-02-03 18:20:27,11.0,,,,,,,false,,,davidism
976459f7cb35c8c3abc3a6e6a2728d76d1a0a5f2,pallets/flask,passed,2026-02-03 18:20:59,2026-02-03 18:21:19,20.0,,,,,,,false,,,davidism
663198d7b453ffdbe86d0e0238b1feafde6ce569,pallets/flask,passed,2026-02-03 18:22:26,2026-02-03 18:22:50,24.0,,,,,,,false,,,davidism
fb763eaf61c5a60ff9858b91c5d2ca10d2aca0ae,pallets/flask,failed,2026-02-06 08:23:51,2026-02-06 08:24:09,18.0,,,,,,,true,,,manav363
554fad132ee385a45f7f89873e8f4cf69031ccf7,pallets/flask,passed,2026-02-06 08:24:22,2026-02-06 08:24:37,15.0,,,,,,,true,,,pre-commit-ci-lite[bot]
86048aa716c471a48f36766570aad018b0c1fd4e,pallets/flask,passed,2026-02-06 21:12:37,2026-02-06 21:13:03,26.0,,,,,,,true,,,THE-Amrit-mahto-05
d3b78fd18a8d9e224cb9ef58a23cec9b1ffc9ce9,pallets/flask,passed,2026-02-06 21:23:03,2026-02-06 21:23:30,27.0,,,,,,,false,,,davidism
c8ecf241e3605c48ac84ab863c206f1072888668,pallets/flask,passed,2026-02-08 23:04:23,2026-02-08 23:04:48,25.0,,,,,,,true,,,veeceey
560ea7fd409c839bc85382a05b6e1bd1d7ca8795,pallets/flask,passed,2026-02-09 02:34:38,2026-02-09 02:34:53,15.0,,,,,,,true,,,abdullahmujahidali
e82db2ca3a22c9614c1987392c9cfaa8c6ce99ad,pallets/flask,passed,2026-02-12 21:06:39,2026-02-12 21:07:04,25.0,,,,,,,true,,,davidism
12e95c93b488725f80753f34b2e0d24838ca4646,pallets/flask,failed,2026-02-12 21:07:53,2026-02-12 21:08:37,44.0,,,,,,,false,,,davidism
d98eb69a354158252854ed4a5c9778e03d089191,pallets/flask,failed,2026-02-12 21:11:14,2026-02-12 21:11:55,41.0,,,,,,,false,,,davidism
556539182704dfa3ca8b107718218d90cb8afa5f,pallets/flask,passed,2026-02-12 22:03:44,2026-02-12 22:04:08,24.0,,,,,,,true,,,davidism
5b51808f513ae28c87c9122a22e7e79b6f2ae3eb,pallets/flask,passed,2026-02-14 04:10:08,2026-02-14 04:10:33,25.0,,,,,,,true,,,suryakathyakeyaboddi-creator
9e090de9c918bd47875125287fa6ebf0c0324c0a,pallets/flask,failed,2026-02-14 04:51:47,2026-02-14 04:52:16,29.0,,,,,,,true,,,suryakathyakeyaboddi-creator
b9cb7e7accf1ce141b5ecd556491895065c1ace8,pallets/flask,passed,2026-02-14 04:52:26,2026-02-14 04:52:49,23.0,,,,,,,true,,,pre-commit-ci-lite[bot]
ca7269d1a729ad9968fc246c4463b5c400e6553e,pallets/flask,passed,2026-02-18 11:24:01,2026-02-18 11:24:43,42.0,,,,,,,true,,,Mishradity
7d7fdbb07a62aef2cd96eebb209260ee1a749bd7,pallets/flask,passed,2026-02-18 15:51:22,2026-02-18 15:51:53,31.0,,,,,,,true,,,apoorvdarshan
089cb86dd22bff589a4eafb7ab8e42dc357623b4,pallets/flask,passed,2026-02-19 03:36:02,2026-02-19 03:36:26,24.0,,,,,,,false,,,davidism
22d924701a6ae2e4cd01e9a15bbaf3946094af65,pallets/flask,passed,2026-02-19 03:42:47,2026-02-19 03:43:09,22.0,,,,,,,true,,,davidism
f00ad424ee3b050d382cc5b4aabb18afbb5e4ae7,pallets/flask,passed,2026-02-19 05:01:56,2026-02-19 05:02:21,25.0,,,,,,,false,,,davidism
a411a2434b09d9cbaa4074232b2c247d591bb655,pallets/flask,failed,2026-02-19 16:35:57,2026-02-19 16:36:44,47.0,,,,,,,false,,,davidism
7b0088693ece1bd3a9238a6fdf56ed8df7a4d43b,pallets/flask,passed,2026-02-19 16:42:39,2026-02-19 16:43:03,24.0,,,,,,,false,,,davidism
913b2b6a3599a657825c3fb48aa5b1cf62b91ed1,pallets/flask,passed,2026-02-20 00:49:41,2026-02-20 00:50:05,24.0,,,,,,,true,,,bysiber
fbb6f0bc4c60a0bada0e03c3480d0ccf30a3c1df,pallets/flask,passed,2026-02-20 03:51:11,2026-02-20 03:51:28,17.0,,,,,,,true,,,davidism
c34d6e81fd8e405e6d4178bf24b364918811ef17,pallets/flask,passed,2026-02-20 04:00:37,2026-02-20 04:00:58,21.0,,,,,,,false,,,davidism
f16163c59a6194a416b538a240a252381890c6ef,pallets/flask,passed,2026-02-21 10:11:08,2026-02-21 10:11:26,18.0,,,,,,,true,,,23f3003202
a191c863066f43797f484da6c430d668548e9b52,pallets/flask,passed,2026-02-21 10:35:50,2026-02-21 10:36:05,15.0,,,,,,,true,,,Rohan5commit
f14f3f463f141e4c9aeecd0df6b2673cc82086d8,pallets/flask,failed,2026-02-26 00:44:45,2026-02-26 00:45:13,28.0,,,,,,,true,,,haosenwang1018
13d8691408027bd5796caff954dd27ead127a089,pallets/flask,failed,2026-02-27 01:24:10,2026-02-27 01:24:32,22.0,,,,,,,true,,,haosenwang1018
1fc69bd3f4b67cbb36406adc7ae47ef439b8eda8,pallets/flask,failed,2026-03-02 01:23:06,2026-03-02 01:23:31,25.0,,,,,,,true,,,dalekube
2a314b5e81ad5441583cd7033b576bd3fc67dfa2,pallets/flask,passed,2026-03-02 01:23:46,2026-03-02 01:24:07,21.0,,,,,,,true,,,pre-commit-ci-lite[bot]
52f778756020e061cec8f5e384106cfac2dc9113,pallets/flask,passed,2026-03-02 01:27:53,2026-03-02 01:28:14,21.0,,,,,,,true,,,dalekube
a29f88ce6f2f9843bd6fcbbfce1390a2071965d6,pallets/flask,failed,2026-03-04 15:36:18,2026-03-04 15:37:22,64.0,,,,,,,false,,,davidism
3a9d54f3da1de540adfdf6f1e2dea6fc0006e15d,pallets/flask,failed,2026-03-04 15:36:28,2026-03-04 15:37:19,51.0,,,,,,,false,,,davidism
14c80085434894d5a26a4e1cee7f4f4f3b97d9ce,pallets/flask,passed,2026-03-07 05:42:02,2026-03-07 05:42:26,24.0,,,,,,,true,,,04cb
560c119e3dc33b35b9c57172fae521d99c2a1421,pallets/flask,passed,2026-03-08 23:11:51,2026-03-08 23:12:00,9.0,,,,,,,true,,,davidism
4774385abdc04d3b0d02dcbed6543bc100f23f6e,pallets/flask,passed,2026-03-08 23:15:03,2026-03-08 23:15:18,15.0,,,,,,,false,,,davidism
a197702e2cbcdd43c0d09296b3cea02efe16e407,pallets/flask,passed,2026-03-08 23:20:15,2026-03-08 23:20:43,28.0,,,,,,,false,,,davidism
4cae5d8e411b1e69949d8fae669afeacbd3e5908,pallets/flask,passed,2026-03-08 23:24:19,2026-03-08 23:24:42,23.0,,,,,,,false,,,davidism
274b59fb287e6d25f100f51e84042f10ff3cae27,pallets/flask,failed,2026-03-11 05:53:45,2026-03-11 05:54:01,16.0,,,,,,,true,,,duriantaco
400c7367065ff4fed12f4928944036acf9d825c7,pallets/flask,passed,2026-03-15 17:25:54,2026-03-15 17:26:10,16.0,,,,,,,true,,,Yuki9814
6580938d822a522aad7c4beb30383da8520b70a2,pallets/flask,failed,2026-03-17 13:01:33,2026-03-17 13:01:54,21.0,,,,,,,true,,,ahmet0033
192e107ca9232626cbe319db1b492c313e56862b,pallets/flask,failed,2026-03-17 13:07:40,2026-03-17 13:08:01,21.0,,,,,,,true,,,ahmet0033
00c3980eeabda4224383313f5023b3e2ea759b52,pallets/flask,failed,2026-03-17 13:17:22,2026-03-17 13:17:36,14.0,,,,,,,true,,,ahmet0033
b0af472bec093e4afa43114e2663ee231449ef2c,pallets/flask,failed,2026-03-18 14:10:18,2026-03-18 14:11:04,46.0,,,,,,,true,,,davehenton
6422bf669e29db4dccebb17becf1f22f1a1634bf,pallets/flask,passed,2026-03-22 18:17:55,2026-03-22 18:18:13,18.0,,,,,,,true,,,r266-tech
8342e6871214defcc98ca5c27ea66f118be4d60c,pallets/flask,passed,2026-03-22 23:51:41,2026-03-22 23:51:59,18.0,,,,,,,true,,,kodareef5
89a3fd5f64167202050e615f207ff2f717c5b32a,pallets/flask,canceled,2026-03-24 13:54:06,2026-03-24 13:54:20,14.0,,,,,,,true,,,davidism
91c6b3fecf36b1f04554e57cc4060ccb737a445d,pallets/flask,passed,2026-03-24 13:54:18,2026-03-24 13:54:34,16.0,,,,,,,true,,,davidism
7ef2946fb5151b745df30201b8c27790cac53875,pallets/flask,passed,2026-03-24 13:56:01,2026-03-24 13:56:21,20.0,,,,,,,false,,,davidism
b00c66248d9c7fa5ac52ecd7d39bc1e8fa589f2a,pallets/flask,passed,2026-03-27 11:30:49,2026-03-27 11:31:03,14.0,,,,,,,true,,,pefia
d2e34be0f6240b081b45f08efa2737f7ce62271a,pallets/flask,passed,2026-03-27 21:19:34,2026-03-27 21:19:56,22.0,,,,,,,true,,,tang-vu
83dbcb222a65a87741c9d96bb183f34528149269,pallets/flask,passed,2026-04-03 22:59:40,2026-04-03 23:00:08,28.0,,,,,,,false,,,davidism
b21425d6df207fec0c47e9563faa10a2819984ca,pallets/flask,passed,2026-04-05 18:14:11,2026-04-05 18:14:25,14.0,,,,,,,false,,,davidism
e4e4bf6543ac1f132afddb1ffd0bf02bea4c93f7,pallets/flask,failed,2026-04-05 18:25:59,2026-04-05 18:26:46,47.0,,,,,,,false,,,davidism
a31e6b73469cb2bf7eb8f70b5ff21f710fd2e23c,pallets/flask,passed,2026-04-05 19:31:45,2026-04-05 19:32:01,16.0,,,,,,,false,,,davidism
258d68b6ff5e2244386540f48b48bab90d6ab827,pallets/flask,passed,2026-04-05 19:32:22,2026-04-05 19:32:57,35.0,,,,,,,false,,,davidism
ae3a8d218e326576078be420831878cfafb57f05,pallets/flask,failed,2026-04-07 00:18:49,2026-04-07 00:19:02,13.0,,,,,,,true,,,barttran2k
6b84167bf6a8beae49e07a84bf2d1879fa0a1ee6,pallets/flask,passed,2026-04-09 00:15:30,2026-04-09 00:15:44,14.0,,,,,,,true,,,orbisai0security
689362089edd09b6d68f7cfe99075e1345e0fede,pallets/flask,passed,2026-04-09 04:01:32,2026-04-09 04:01:51,19.0,,,,,,,false,,,davidism
2ac89889f4cc330eabd50f295dcef02828522c69,pallets/flask,passed,2026-04-09 04:04:12,2026-04-09 04:04:31,19.0,,,,,,,false,,,davidism
5b9396a1977faf8f795c59f5ce7a0e91091a3c02,pallets/flask,passed,2026-04-09 21:58:18,2026-04-09 21:58:52,34.0,,,,,,,true,,,rharper105
330fc072721f4b0e8bb9f10e268ea31a7e5b82d3,pallets/flask,passed,2026-04-10 16:10:26,2026-04-10 16:10:59,33.0,,,,,,,true,,,AhsanSheraz
a5841144246eee3e728192e7c8580a41e6aec5eb,pallets/flask,failed,2026-04-13 22:58:25,2026-04-13 22:58:38,13.0,,,,,,,true,,,samtang-oai
e5548492971ef4f3dfb8bf335e633a2b704bb56e,psf/requests,passed,2026-04-14 17:26:50,2026-04-14 17:27:58,68.0,,,,,,,true,,,nateprewitt
fe2063be0cfbc08150ef468ae57a708c2514a321,psf/requests,passed,2026-04-14 17:58:33,2026-04-14 18:02:54,261.0,,,,,,,false,,,nateprewitt
0a3a12aec59d320336df1ea41afe86c903105708,pallets/flask,failed,2026-04-15 00:47:23,2026-04-15 00:47:42,19.0,,,,,,,true,,,WhitehatD
4fdc3cb3d4020bd8c5afa250893a554b5ec39844,pallets/flask,passed,2026-04-15 00:58:09,2026-04-15 00:58:31,22.0,,,,,,,true,,,WhitehatD
fefdfd854ded365c5a8218d5bc3ecaaac2035505,psf/requests,passed,2026-04-15 02:26:20,2026-04-15 02:26:53,33.0,,,,,,,true,,,Rohan5commit
623adf466ede67255e789576131e596d0996e9f6,psf/requests,passed,2026-04-15 02:28:12,2026-04-15 02:28:25,13.0,,,,,,,true,,,Rohan5commit
83051e7cda8d2ae0edd11d91642a49f652a0071c,psf/requests,passed,2026-04-15 02:44:35,2026-04-15 02:44:52,17.0,,,,,,,true,,,Rohan5commit
5b42d1230f043bb06a375dec6a4c2699d162a515,psf/requests,passed,2026-04-15 02:44:38,2026-04-15 02:44:56,18.0,,,,,,,false,,,nateprewitt
16df2a09173b17a82d607c31a6826b7c5dd0fc57,psf/requests,passed,2026-04-15 03:04:50,2026-04-15 03:05:08,18.0,,,,,,,false,,,nateprewitt
c2f17897857a104a6d4451e5eb76f88f1bb35bca,pallets/flask,failed,2026-04-15 12:56:22,2026-04-15 12:56:38,16.0,,,,,,,true,,,kolesnykovyurii
08354da0b0e62d816c1f8e5cd8e976d92623adc1,pallets/flask,failed,2026-04-15 13:25:28,2026-04-15 13:25:41,13.0,,,,,,,true,,,kolesnykovyurii
a5e64000f489b059a5aca9463afd9f39b1c5b273,psf/requests,passed,2026-04-15 14:55:55,2026-04-15 14:56:13,18.0,,,,,,,true,,,nateprewitt
a044b020dea43230585126901684a0f30ec635a8,psf/requests,passed,2026-04-15 14:56:42,2026-04-15 14:57:07,25.0,,,,,,,false,,,nateprewitt
d2f6bdecc835475c3cfbb83565ea879d7b2712ca,psf/requests,passed,2026-04-15 15:06:49,2026-04-15 15:07:13,24.0,,,,,,,false,,,nateprewitt
62c6cfa44f2b22797e7bfe71c4c3db47708c92dd,psf/requests,passed,2026-04-15 18:19:21,2026-04-15 18:19:43,22.0,,,,,,,false,,,nateprewitt
06eaf91c8862cd85b77a75d6276430f115ae0b9e,psf/requests,passed,2026-04-15 18:21:25,2026-04-15 18:21:51,26.0,,,,,,,false,,,nateprewitt
a6c03398279ba6cedab995cf680a5c21cbf32306,psf/requests,passed,2026-04-15 18:24:01,2026-04-15 18:24:22,21.0,,,,,,,false,,,nateprewitt
514c1623fefff760bfa15a693aa38e474aba8560,psf/requests,passed,2026-04-15 18:31:07,2026-04-15 18:31:32,25.0,,,,,,,false,,,nateprewitt
06cc52fe881e5a0f2c78fdbeea53ea8ed8a144ad,psf/requests,passed,2026-04-18 19:51:34,2026-04-18 19:51:49,15.0,,,,,,,true,,,cclauss
9536b1aeefcd8178f7102cbd68c43a4ed57b183f,pallets/flask,failed,2026-04-19 06:57:47,2026-04-19 06:58:21,34.0,,,,,,,true,,,sahilmalhotra1987
e55ffdb5b7e0684e9244b237324cb3e0184bbd85,pallets/flask,passed,2026-04-19 13:21:28,2026-04-19 13:21:49,21.0,,,,,,,true,,,tboyila
5f3ff9b9e4d3d44960467e7877e06e9efa22f20b,psf/requests,passed,2026-04-19 18:34:22,2026-04-19 18:38:45,263.0,,,,,,,false,,,nateprewitt
508709e3f5780133e149c9040414774b5a9a5677,psf/requests,canceled,2026-04-20 14:23:16,2026-04-20 14:23:16,0.0,,,,,,,true,,,adnasal
cdd97bf3ed256e3111dc9cedd970df481a75c08a,psf/requests,passed,2026-04-20 16:18:09,2026-04-20 16:18:27,18.0,,,,,,,true,,,nateprewitt
b294b08fe3b08df9f646f64d1250f96193dab066,psf/requests,passed,2026-04-20 16:24:35,2026-04-20 16:24:52,17.0,,,,,,,false,,,nateprewitt
2ba35860d42d3acefeb629c9b6aa31dfd7a72c61,psf/requests,passed,2026-04-20 19:19:37,2026-04-20 19:19:52,15.0,,,,,,,false,,,dependabot[bot]
79f4df84cf77a2fee873809821dfbd786de05b97,psf/requests,passed,2026-04-20 19:32:35,2026-04-20 19:32:55,20.0,,,,,,,false,,,nateprewitt
5988a27a1ba3b3d511f49b859b08f1c1b0fe0595,pallets/flask,passed,2026-04-21 14:25:51,2026-04-21 14:26:11,20.0,,,,,,,true,,,albert-cgai
a6bd42160541a4f2c8aa77a42aa1ffda737a6b8a,pallets/flask,passed,2026-04-21 14:29:26,2026-04-21 14:29:53,27.0,,,,,,,true,,,albert-cgai
2d12e362ce10ef35887aaa38ae074645581c383e,pallets/flask,failed,2026-04-22 23:32:54,2026-04-22 23:33:30,36.0,,,,,,,true,,,shr7q
fceab9fc38f6ccedce7a71c026eef78db3bc8822,psf/requests,passed,2026-04-23 20:45:51,2026-04-23 20:46:06,15.0,,,,,,,true,,,nateprewitt
93bf5331a70cd2c77ac3ba43f85c918cae67c69f,psf/requests,passed,2026-04-23 20:53:51,2026-04-23 20:54:14,23.0,,,,,,,false,,,nateprewitt
f41323d8dffe3ff8f158845464601b7f41552209,psf/requests,passed,2026-04-24 03:42:27,2026-04-24 03:42:42,15.0,,,,,,,false,,,nateprewitt
6f4e80d1efc160d173a9b613ce7f3fa4ec6e222c,pallets/flask,passed,2026-04-24 04:30:43,2026-04-24 04:30:57,14.0,,,,,,,true,,,popeye-007
d8025e3d0f7576df227eda665ca58891474aa4e8,psf/requests,canceled,2026-04-24 05:58:30,2026-04-24 05:58:30,0.0,,,,,,,true,,,mdali9821
9450dd51fb423c17f01325d5f23e62b0450696c6,psf/requests,passed,2026-04-24 10:52:04,2026-04-24 10:52:22,18.0,,,,,,,false,,,sigmavirus24
2cc0dab0ec1381dd03aff0cc461bced0d18e34a7,psf/requests,passed,2026-04-24 10:52:56,2026-04-24 10:53:25,29.0,,,,,,,false,,,dependabot[bot]
f43f750ee10addbaa13901c1017631b4d70fd6e3,psf/requests,passed,2026-04-24 14:19:28,2026-04-24 14:19:48,20.0,,,,,,,false,,,nateprewitt
cf9491e3da47f17867d362240744ce36e8fb7a64,pallets/flask,failed,2026-04-25 09:20:34,2026-04-25 09:20:53,19.0,,,,,,,true,,,Devansh-66
f19b86d99cf6b7a4210122c3e0b088598f70960a,psf/requests,passed,2026-04-27 15:03:03,2026-04-27 15:03:23,20.0,,,,,,,true,,,nateprewitt
6ec76b4a36fba4a32fb72f5f9ba04e632635e477,psf/requests,passed,2026-04-27 15:08:23,2026-04-27 15:08:44,21.0,,,,,,,false,,,nateprewitt
5bae75923893e3e80c1af77824435d243e08f053,psf/requests,failed,2026-04-29 22:16:41,2026-04-29 22:16:57,16.0,,,,,,,false,,,nateprewitt
8a864d4576b48830290a3f2ab132b95b68c0a8b8,psf/requests,passed,2026-04-29 22:32:49,2026-04-29 22:33:10,21.0,,,,,,,false,,,nateprewitt
5a4acd02025c48f994ac596cb9f30d6482424b21,psf/requests,passed,2026-04-29 22:38:52,2026-04-29 22:39:12,20.0,,,,,,,false,,,nateprewitt
0d1c887f7a7f48994ee383921dce54ee16dcff0f,psf/requests,passed,2026-04-30 02:46:56,2026-04-30 02:47:15,19.0,,,,,,,false,,,nateprewitt
fb56915c62230fc5e4880e3b576a6d734cd3db9b,psf/requests,passed,2026-04-30 02:56:29,2026-04-30 03:01:27,298.0,,,,,,,false,,,nateprewitt
adbd3b9ee5ccf4cea0de008cb4385c16beeff7bb,psf/requests,passed,2026-04-30 04:33:16,2026-04-30 04:33:39,23.0,,,,,,,false,,,nateprewitt
c62649158374aaab4ee3541e0d40e9fe3c9e7b84,psf/requests,passed,2026-04-30 05:19:02,2026-04-30 05:19:25,23.0,,,,,,,false,,,nateprewitt
3ed1cdc1bf9cc6365ba9be68bd4c039234051723,psf/requests,passed,2026-04-30 14:27:51,2026-04-30 14:34:51,420.0,,,,,,,true,,,nateprewitt
27e0981962d355b9532256f4dcb3d42f64b04d9c,psf/requests,passed,2026-04-30 14:35:17,2026-04-30 14:35:45,28.0,,,,,,,false,,,nateprewitt
8f6cda9969f4a98c45ea2922f6bcbefc02256202,psf/requests,passed,2026-04-30 17:05:41,2026-04-30 17:05:56,15.0,,,,,,,false,,,nateprewitt
707f5fbc7650d02d72b4d1cfa8d1c10ab0a8de76,psf/requests,passed,2026-05-01 04:35:25,2026-05-01 04:35:42,17.0,,,,,,,true,,,Rohan5commit
c640e6d7f6fc034389da0df1a72897d969adaacd,psf/requests,failed,2026-05-01 22:49:19,2026-05-01 22:49:38,19.0,,,,,,,false,,,nateprewitt
e52a0a9f288d36e8be0e3a1c085794f1d664d18f,psf/requests,passed,2026-05-01 23:37:09,2026-05-01 23:37:33,24.0,,,,,,,false,,,nateprewitt
4cf9bb5cb159ad54165e1808666154a7509da4e6,psf/requests,passed,2026-05-02 01:45:25,2026-05-02 01:45:43,18.0,,,,,,,false,,,nateprewitt
06ea505ce2b2042af26e96d35ebf159af7c0869d,pallets/flask,passed,2026-05-02 03:32:03,2026-05-02 03:32:32,29.0,,,,,,,false,,,davidism
9c2c9d6e31b1ba06b9fd39f06df25b27f6544909,pallets/flask,passed,2026-05-02 03:56:21,2026-05-02 03:56:40,19.0,,,,,,,true,,,davidism
9368fb3f3c52d74534d14c1bef03c79c103356cd,pallets/flask,passed,2026-05-02 03:56:49,2026-05-02 03:57:08,19.0,,,,,,,true,,,davidism
dcbede0cb00df32e7f1895e19e37d5f40a75d1f6,pallets/flask,failed,2026-05-02 03:58:59,2026-05-02 03:59:33,34.0,,,,,,,false,,,davidism
80669a0ea83fdabd4a4cd3da10afaac12394af6f,pallets/flask,passed,2026-05-02 04:06:48,2026-05-02 04:07:08,20.0,,,,,,,true,,,davidism
16f89bc51d6811724e0641e11593d2ce2e9e70d0,pallets/flask,passed,2026-05-02 08:21:48,2026-05-02 08:22:07,19.0,,,,,,,true,,,mlmejo
7374c85ddefc3f4b177a698ab9f0cbb6a5c0b392,pallets/flask,passed,2026-05-02 13:14:07,2026-05-02 13:14:20,13.0,,,,,,,false,,,davidism
569defc304d9f117bf556dbba6c5301ebb34d62a,pallets/flask,passed,2026-05-02 14:56:47,2026-05-02 14:57:06,19.0,,,,,,,true,,,harimsd07
c59514d1265b3d441f3953243c5a9a45f8b46cc4,psf/requests,canceled,2026-05-02 17:53:41,2026-05-02 17:53:41,0.0,,,,,,,true,,,Abdul-Wasiq
ee141077bb9b67e285dd428de7b33258601030e0,pallets/flask,failed,2026-05-03 13:09:16,2026-05-03 13:09:33,17.0,,,,,,,true,,,virus-16
561e4b6889f53584c39a67f8794c53a414f68481,psf/requests,passed,2026-05-03 19:38:51,2026-05-03 19:39:07,16.0,,,,,,,false,,,nateprewitt
da8b77e3acf85b3a767004562cab998c0cd96d11,psf/requests,passed,2026-05-03 19:44:12,2026-05-03 19:50:22,370.0,,,,,,,false,,,nateprewitt
f7822f7c4185b45527f171095c4edf8777efe51b,psf/requests,passed,2026-05-03 19:51:30,2026-05-03 19:51:43,13.0,,,,,,,false,,,nateprewitt
48a75aef1398a44bac369a49ad6b841156709d72,psf/requests,failed,2026-05-03 20:52:50,2026-05-03 20:55:42,172.0,,,,,,,false,,,Copilot
cba158ef6058223daa7b33db8b0d0fd4f80efbac,psf/requests,failed,2026-05-03 21:02:32,2026-05-03 21:06:02,210.0,,,,,,,false,,,Copilot
03627b53f15a56bbb39633e1bcf4dc995c163017,psf/requests,passed,2026-05-04 21:31:47,2026-05-04 21:37:14,327.0,,,,,,,false,,,dependabot[bot]
04d750509b90da728e53aee8d7516426e5a1a293,psf/requests,passed,2026-05-04 21:42:10,2026-05-04 21:42:33,23.0,,,,,,,false,,,nateprewitt
418c76b8aa7be2255ecd2d045f761e6411ba0acb,psf/requests,canceled,2026-05-05 14:05:27,2026-05-05 14:05:27,0.0,,,,,,,true,,,zons-zhaozhy
