cohort,feature,group,classification,diagnostic_samples,diagnostic_nonnull,diagnostic_collection_success_rate,diagnostic_missingness_rate,unique_values,population_variance_descriptive,distribution_json,repository_coverage,strict_predecision_samples,strict_missingness_rate,strict_timestamp_validity_rate,leakage_risk,reason,predictive_value_tested
ALL,files_changed,change,QUESTIONABLE,60,60,1.0,0.0,6,2.238888888888889,"{""distribution"": {""1"": 30, ""2"": 13, ""3"": 3, ""4"": 6, ""5"": 7, ""6"": 1}, ""max"": 6, ""median"": 1.5, ""min"": 1, ""mode_fraction"": 0.5, ""n"": 60, ""p01"": 1.0, ""p25"": 1.0, ""p75"": 3.0, ""p99"": 5.409999999999997, ""unique"": 6, ""variance"": 2.238888888888889}",expressjs/express;pallets/flask;psf/requests,0,,,Historical receipt is postdecision; cannot be backdated. PR diff/tested-ref proof incomplete.,Retrospectively extractable; no genuine predecision observation or predictive value demonstrated.,False
ALL,additions,change,QUESTIONABLE,60,60,1.0,0.0,26,6484.815555555556,"{""distribution"": {""1"": 22, ""14"": 2, ""16"": 2, ""161"": 1, ""17"": 1, ""18"": 1, ""19"": 1, ""199"": 1, ""2"": 1, ""21"": 1, ""26"": 3, ""27"": 1, ""3"": 3, ""30"": 1, ""31"": 2, ""34"": 1, ""36"": 1, ""40"": 1, ""42"": 1, ""5"": 1, ""56"": 1, ""588"": 1, ""6"": 3, ""7"": 4, ""8"": 2, ""84"": 1}, ""max"": 588, ""median"": 6.5, ""min"": 1, ""mode_fraction"": 0.36666666666666664, ""n"": 60, ""p01"": 1.0, ""p25"": 1.0, ""p75"": 26.0, ""p99"": 358.48999999999864, ""unique"": 26, ""variance"": 6484.815555555556}",expressjs/express;pallets/flask;psf/requests,0,,,Historical receipt is postdecision; cannot be backdated. PR diff/tested-ref proof incomplete.,Retrospectively extractable; no genuine predecision observation or predictive value demonstrated.,False
ALL,deletions,change,QUESTIONABLE,60,60,1.0,0.0,14,40.07222222222222,"{""distribution"": {""0"": 5, ""1"": 27, ""10"": 2, ""12"": 1, ""2"": 4, ""20"": 1, ""3"": 4, ""30"": 1, ""34"": 1, ""4"": 3, ""5"": 1, ""6"": 2, ""7"": 6, ""8"": 2}, ""max"": 34, ""median"": 1.0, ""min"": 0, ""mode_fraction"": 0.45, ""n"": 60, ""p01"": 0.0, ""p25"": 1.0, ""p75"": 6.0, ""p99"": 31.639999999999986, ""unique"": 14, ""variance"": 40.07222222222222}",expressjs/express;pallets/flask;psf/requests,0,,,Historical receipt is postdecision; cannot be backdated. PR diff/tested-ref proof incomplete.,Retrospectively extractable; no genuine predecision observation or predictive value demonstrated.,False
ALL,total_churn,change,QUESTIONABLE,60,60,1.0,0.0,28,6517.098888888889,"{""distribution"": {""104"": 1, ""12"": 2, ""14"": 4, ""15"": 1, ""16"": 3, ""161"": 1, ""17"": 2, ""2"": 20, ""20"": 1, ""200"": 1, ""21"": 1, ""23"": 1, ""24"": 1, ""28"": 1, ""30"": 1, ""31"": 1, ""32"": 1, ""33"": 1, ""34"": 1, ""36"": 2, ""4"": 1, ""42"": 1, ""43"": 2, ""5"": 3, ""52"": 1, ""589"": 1, ""6"": 3, ""86"": 1}, ""max"": 589, ""median"": 14.0, ""min"": 2, ""mode_fraction"": 0.3333333333333333, ""n"": 60, ""p01"": 2.0, ""p25"": 2.0, ""p75"": 30.25, ""p99"": 359.48999999999864, ""unique"": 28, ""variance"": 6517.098888888889}",expressjs/express;pallets/flask;psf/requests,0,,,Historical receipt is postdecision; cannot be backdated. PR diff/tested-ref proof incomplete.,Retrospectively extractable; no genuine predecision observation or predictive value demonstrated.,False
ALL,extension_counts,change,QUESTIONABLE,60,60,1.0,0.0,21,,"{""distribution"": {""{\"".html\"": 1, \"".js\"": 4}"": 1, ""{\"".js\"": 1}"": 4, ""{\"".js\"": 2}"": 7, ""{\"".js\"": 3}"": 1, ""{\"".json\"": 1}"": 2, ""{\"".md\"": 1, \"".py\"": 1, \"".rst\"": 3}"": 1, ""{\"".md\"": 1, \"".sh\"": 1, \"".txt\"": 1, \""<none>\"": 1}"": 1, ""{\"".md\"": 1}"": 1, ""{\"".py\"": 1}"": 5, ""{\"".py\"": 2, \"".rst\"": 1}"": 2, ""{\"".py\"": 2}"": 5, ""{\"".py\"": 4, \"".rst\"": 1}"": 1, ""{\"".py\"": 4}"": 1, ""{\"".py\"": 5}"": 2, ""{\"".rst\"": 1}"": 1, ""{\"".sh\"": 1, \""<none>\"": 1}"": 1, ""{\"".yaml\"": 1}"": 12, ""{\"".yml\"": 1}"": 5, ""{\"".yml\"": 4}"": 4, ""{\"".yml\"": 5}"": 2, ""{\"".yml\"": 6}"": 1}, ""mode_fraction"": 0.2, ""n"": 60, ""unique"": 21, ""variance"": null}",expressjs/express;pallets/flask;psf/requests,0,,,Historical receipt is postdecision; cannot be backdated. PR diff/tested-ref proof incomplete.,Retrospectively extractable; no genuine predecision observation or predictive value demonstrated.,False
ALL,top_directory_count,change,QUESTIONABLE,60,60,1.0,0.0,3,0.3655555555555556,"{""distribution"": {""1"": 42, ""2"": 14, ""3"": 4}, ""max"": 3, ""median"": 1.0, ""min"": 1, ""mode_fraction"": 0.7, ""n"": 60, ""p01"": 1.0, ""p25"": 1.0, ""p75"": 2.0, ""p99"": 3.0, ""unique"": 3, ""variance"": 0.3655555555555556}",expressjs/express;pallets/flask;psf/requests,0,,,Historical receipt is postdecision; cannot be backdated. PR diff/tested-ref proof incomplete.,Retrospectively extractable; no genuine predecision observation or predictive value demonstrated.,False
ALL,dependency_file_changed,change,QUESTIONABLE,60,60,1.0,0.0,2,,"{""distribution"": {""false"": 57, ""true"": 3}, ""mode_fraction"": 0.95, ""n"": 60, ""unique"": 2, ""variance"": null}",expressjs/express;pallets/flask;psf/requests,0,,,Historical receipt is postdecision; cannot be backdated. PR diff/tested-ref proof incomplete.,Retrospectively extractable; no genuine predecision observation or predictive value demonstrated.,False
ALL,test_file_changed,change,QUESTIONABLE,60,60,1.0,0.0,2,,"{""distribution"": {""false"": 38, ""true"": 22}, ""mode_fraction"": 0.6333333333333333, ""n"": 60, ""unique"": 2, ""variance"": null}",expressjs/express;pallets/flask;psf/requests,0,,,Historical receipt is postdecision; cannot be backdated. PR diff/tested-ref proof incomplete.,Retrospectively extractable; no genuine predecision observation or predictive value demonstrated.,False
ALL,configuration_changed,change,QUESTIONABLE,60,60,1.0,0.0,2,,"{""distribution"": {""false"": 33, ""true"": 27}, ""mode_fraction"": 0.55, ""n"": 60, ""unique"": 2, ""variance"": null}",expressjs/express;pallets/flask;psf/requests,0,,,Historical receipt is postdecision; cannot be backdated. PR diff/tested-ref proof incomplete.,Retrospectively extractable; no genuine predecision observation or predictive value demonstrated.,False
ALL,risky_path_changed,change,QUESTIONABLE,60,60,1.0,0.0,2,,"{""distribution"": {""false"": 47, ""true"": 13}, ""mode_fraction"": 0.7833333333333333, ""n"": 60, ""unique"": 2, ""variance"": null}",expressjs/express;pallets/flask;psf/requests,0,,,Historical receipt is postdecision; cannot be backdated. PR diff/tested-ref proof incomplete.,Retrospectively extractable; no genuine predecision observation or predictive value demonstrated.,False
ALL,project_failure_rate_7d,history,NOT COLLECTABLE,60,0,0.0,1.0,0,,"{""distribution"": null, ""n"": 0, ""unique"": 0, ""variance"": null}",,0,,,Source must be available by decision; no predecision corpus exists.,No valid source/availability under this pilot route; not a claim of impossibility with prospective capture.,False
ALL,project_resolved_count_7d,history,NOT COLLECTABLE,60,0,0.0,1.0,0,,"{""distribution"": null, ""n"": 0, ""unique"": 0, ""variance"": null}",,0,,,Source must be available by decision; no predecision corpus exists.,No valid source/availability under this pilot route; not a claim of impossibility with prospective capture.,False
ALL,workflow_failure_rate_7d,history,NOT COLLECTABLE,60,0,0.0,1.0,0,,"{""distribution"": null, ""n"": 0, ""unique"": 0, ""variance"": null}",,0,,,Source must be available by decision; no predecision corpus exists.,No valid source/availability under this pilot route; not a claim of impossibility with prospective capture.,False
ALL,workflow_resolved_count_7d,history,NOT COLLECTABLE,60,0,0.0,1.0,0,,"{""distribution"": null, ""n"": 0, ""unique"": 0, ""variance"": null}",,0,,,Source must be available by decision; no predecision corpus exists.,No valid source/availability under this pilot route; not a claim of impossibility with prospective capture.,False
ALL,same_change_prior_failures,history,NOT COLLECTABLE,60,0,0.0,1.0,0,,"{""distribution"": null, ""n"": 0, ""unique"": 0, ""variance"": null}",,0,,,Source must be available by decision; no predecision corpus exists.,No valid source/availability under this pilot route; not a claim of impossibility with prospective capture.,False
ALL,same_change_prior_resolved,history,NOT COLLECTABLE,60,0,0.0,1.0,0,,"{""distribution"": null, ""n"": 0, ""unique"": 0, ""variance"": null}",,0,,,Source must be available by decision; no predecision corpus exists.,No valid source/availability under this pilot route; not a claim of impossibility with prospective capture.,False
ALL,prior_workflow_duration_s,history,NOT COLLECTABLE,60,0,0.0,1.0,0,,"{""distribution"": null, ""n"": 0, ""unique"": 0, ""variance"": null}",,0,,,Source must be available by decision; no predecision corpus exists.,No authenticated workflow-attempt completion timestamp; job maximum/updated_at prohibited.,False
ALL,author_failure_rate_90d,history,NOT COLLECTABLE,60,0,0.0,1.0,0,,"{""distribution"": null, ""n"": 0, ""unique"": 0, ""variance"": null}",,0,,,Source must be available by decision; no predecision corpus exists.,Stable authorship plus eligible observed history not established; actor is not author.,False
ALL,author_resolved_count_90d,history,NOT COLLECTABLE,60,0,0.0,1.0,0,,"{""distribution"": null, ""n"": 0, ""unique"": 0, ""variance"": null}",,0,,,Source must be available by decision; no predecision corpus exists.,Stable authorship plus eligible observed history not established; actor is not author.,False
ALL,repository_commits_30d,history,NOT COLLECTABLE,60,0,0.0,1.0,0,,"{""distribution"": null, ""n"": 0, ""unique"": 0, ""variance"": null}",,0,,,Source must be available by decision; no predecision corpus exists.,No valid source/availability under this pilot route; not a claim of impossibility with prospective capture.,False
ALL,history_age_s,history,NOT COLLECTABLE,60,0,0.0,1.0,0,,"{""distribution"": null, ""n"": 0, ""unique"": 0, ""variance"": null}",,0,,,Source must be available by decision; no predecision corpus exists.,No valid source/availability under this pilot route; not a claim of impossibility with prospective capture.,False
ALL,history_left_truncated,history,NOT COLLECTABLE,60,0,0.0,1.0,0,,"{""distribution"": null, ""n"": 0, ""unique"": 0, ""variance"": null}",,0,,,Source must be available by decision; no predecision corpus exists.,No valid source/availability under this pilot route; not a claim of impossibility with prospective capture.,False
ALL,workflow_identity,workflow,QUESTIONABLE,60,60,1.0,0.0,4,,"{""distribution"": {""\""1362490:3526169\"""": 20, ""\""237159:106129301\"""": 1, ""\""237159:10933076\"""": 19, ""\""596892:1367898\"""": 20}, ""mode_fraction"": 0.3333333333333333, ""n"": 60, ""unique"": 4, ""variance"": null}",expressjs/express;pallets/flask;psf/requests,0,,,Source must be available by decision; no predecision corpus exists.,Retrospectively extractable; no genuine predecision observation or predictive value demonstrated.,False
ALL,event_type,workflow,QUESTIONABLE,60,60,1.0,0.0,2,,"{""distribution"": {""\""pull_request\"""": 44, ""\""push\"""": 16}, ""mode_fraction"": 0.7333333333333333, ""n"": 60, ""unique"": 2, ""variance"": null}",expressjs/express;pallets/flask;psf/requests,0,,,Source must be available by decision; no predecision corpus exists.,Retrospectively extractable; no genuine predecision observation or predictive value demonstrated.,False
ALL,branch_class,workflow,NOT COLLECTABLE,60,0,0.0,1.0,0,,"{""distribution"": null, ""n"": 0, ""unique"": 0, ""variance"": null}",,0,,,Source must be available by decision; no predecision corpus exists.,No valid source/availability under this pilot route; not a claim of impossibility with prospective capture.,False
ALL,attempt_number,workflow,UNUSABLE,60,60,1.0,0.0,1,0,"{""distribution"": {""1"": 60}, ""max"": 1, ""median"": 1.0, ""min"": 1, ""mode_fraction"": 1.0, ""n"": 60, ""p01"": 1.0, ""p25"": 1.0, ""p75"": 1.0, ""p99"": 1.0, ""unique"": 1, ""variance"": 0}",expressjs/express;pallets/flask;psf/requests,0,,,Source must be available by decision; no predecision corpus exists.,"Constant 1 by primary cohort definition; retain as identity, exclude from primary predictors.",False
ALL,declared_job_count,workflow,QUESTIONABLE,60,16,0.26666666666666666,0.7333333333333334,2,0.15234375,"{""distribution"": {""2"": 3, ""3"": 13}, ""max"": 3, ""median"": 3.0, ""min"": 2, ""mode_fraction"": 0.8125, ""n"": 16, ""p01"": 2.0, ""p25"": 3.0, ""p75"": 3.0, ""p99"": 3.0, ""unique"": 2, ""variance"": 0.15234375}",expressjs/express;pallets/flask;psf/requests,0,,,Source must be available by decision; no predecision corpus exists.,Retrospectively extractable; no genuine predecision observation or predictive value demonstrated.,False
ALL,declared_runner_types,workflow,NOT COLLECTABLE,60,0,0.0,1.0,0,,"{""distribution"": null, ""n"": 0, ""unique"": 0, ""variance"": null}",,0,,,Source must be available by decision; no predecision corpus exists.,No valid source/availability under this pilot route; not a claim of impossibility with prospective capture.,False
ALL,repository_language,repository,QUESTIONABLE,60,60,1.0,0.0,2,,"{""distribution"": {""\""JavaScript\"""": 20, ""\""Python\"""": 40}, ""mode_fraction"": 0.6666666666666666, ""n"": 60, ""unique"": 2, ""variance"": null}",expressjs/express;pallets/flask;psf/requests,0,,,Source must be available by decision; no predecision corpus exists.,Retrospectively extractable; no genuine predecision observation or predictive value demonstrated.,False
ALL,repository_age_days,repository,NOT COLLECTABLE,60,0,0.0,1.0,0,,"{""distribution"": null, ""n"": 0, ""unique"": 0, ""variance"": null}",,0,,,Source must be available by decision; no predecision corpus exists.,No valid source/availability under this pilot route; not a claim of impossibility with prospective capture.,False
expressjs/express,files_changed,change,QUESTIONABLE,20,20,1.0,0.0,5,1.3475,"{""distribution"": {""1"": 9, ""2"": 7, ""3"": 1, ""4"": 2, ""5"": 1}, ""max"": 5, ""median"": 2.0, ""min"": 1, ""mode_fraction"": 0.45, ""n"": 20, ""p01"": 1.0, ""p25"": 1.0, ""p75"": 2.0, ""p99"": 4.809999999999999, ""unique"": 5, ""variance"": 1.3475}",expressjs/express,0,,,Historical receipt is postdecision; cannot be backdated. PR diff/tested-ref proof incomplete.,Retrospectively extractable; no genuine predecision observation or predictive value demonstrated.,False
expressjs/express,additions,change,QUESTIONABLE,20,20,1.0,0.0,13,16837.8475,"{""distribution"": {""1"": 7, ""16"": 1, ""199"": 1, ""21"": 1, ""26"": 1, ""27"": 1, ""30"": 1, ""31"": 1, ""36"": 1, ""40"": 1, ""588"": 1, ""7"": 2, ""84"": 1}, ""max"": 588, ""median"": 18.5, ""min"": 1, ""mode_fraction"": 0.35, ""n"": 20, ""p01"": 1.0, ""p25"": 1.0, ""p75"": 32.25, ""p99"": 514.0899999999995, ""unique"": 13, ""variance"": 16837.8475}",expressjs/express,0,,,Historical receipt is postdecision; cannot be backdated. PR diff/tested-ref proof incomplete.,Retrospectively extractable; no genuine predecision observation or predictive value demonstrated.,False
expressjs/express,deletions,change,QUESTIONABLE,20,20,1.0,0.0,9,20.9275,"{""distribution"": {""0"": 2, ""1"": 8, ""10"": 1, ""2"": 1, ""20"": 1, ""3"": 2, ""4"": 2, ""5"": 1, ""7"": 2}, ""max"": 20, ""median"": 1.5, ""min"": 0, ""mode_fraction"": 0.4, ""n"": 20, ""p01"": 0.0, ""p25"": 1.0, ""p75"": 4.25, ""p99"": 18.099999999999987, ""unique"": 9, ""variance"": 20.9275}",expressjs/express,0,,,Historical receipt is postdecision; cannot be backdated. PR diff/tested-ref proof incomplete.,Retrospectively extractable; no genuine predecision observation or predictive value demonstrated.,False
expressjs/express,total_churn,change,QUESTIONABLE,20,20,1.0,0.0,13,16772.54,"{""distribution"": {""104"": 1, ""14"": 2, ""17"": 1, ""2"": 5, ""200"": 1, ""24"": 1, ""31"": 1, ""32"": 1, ""33"": 1, ""36"": 2, ""42"": 1, ""5"": 2, ""589"": 1}, ""max"": 589, ""median"": 20.5, ""min"": 2, ""mode_fraction"": 0.25, ""n"": 20, ""p01"": 2.0, ""p25"": 4.25, ""p75"": 36.0, ""p99"": 515.0899999999995, ""unique"": 13, ""variance"": 16772.54}",expressjs/express,0,,,Historical receipt is postdecision; cannot be backdated. PR diff/tested-ref proof incomplete.,Retrospectively extractable; no genuine predecision observation or predictive value demonstrated.,False
expressjs/express,extension_counts,change,QUESTIONABLE,20,20,1.0,0.0,7,,"{""distribution"": {""{\"".html\"": 1, \"".js\"": 4}"": 1, ""{\"".js\"": 1}"": 4, ""{\"".js\"": 2}"": 7, ""{\"".js\"": 3}"": 1, ""{\"".json\"": 1}"": 2, ""{\"".yml\"": 1}"": 3, ""{\"".yml\"": 4}"": 2}, ""mode_fraction"": 0.35, ""n"": 20, ""unique"": 7, ""variance"": null}",expressjs/express,0,,,Historical receipt is postdecision; cannot be backdated. PR diff/tested-ref proof incomplete.,Retrospectively extractable; no genuine predecision observation or predictive value demonstrated.,False
expressjs/express,top_directory_count,change,QUESTIONABLE,20,20,1.0,0.0,3,0.35,"{""distribution"": {""1"": 11, ""2"": 8, ""3"": 1}, ""max"": 3, ""median"": 1.0, ""min"": 1, ""mode_fraction"": 0.55, ""n"": 20, ""p01"": 1.0, ""p25"": 1.0, ""p75"": 2.0, ""p99"": 2.8099999999999987, ""unique"": 3, ""variance"": 0.35}",expressjs/express,0,,,Historical receipt is postdecision; cannot be backdated. PR diff/tested-ref proof incomplete.,Retrospectively extractable; no genuine predecision observation or predictive value demonstrated.,False
expressjs/express,dependency_file_changed,change,QUESTIONABLE,20,20,1.0,0.0,2,,"{""distribution"": {""false"": 18, ""true"": 2}, ""mode_fraction"": 0.9, ""n"": 20, ""unique"": 2, ""variance"": null}",expressjs/express,0,,,Historical receipt is postdecision; cannot be backdated. PR diff/tested-ref proof incomplete.,Retrospectively extractable; no genuine predecision observation or predictive value demonstrated.,False
expressjs/express,test_file_changed,change,QUESTIONABLE,20,20,1.0,0.0,2,,"{""distribution"": {""false"": 9, ""true"": 11}, ""mode_fraction"": 0.55, ""n"": 20, ""unique"": 2, ""variance"": null}",expressjs/express,0,,,Historical receipt is postdecision; cannot be backdated. PR diff/tested-ref proof incomplete.,Retrospectively extractable; no genuine predecision observation or predictive value demonstrated.,False
expressjs/express,configuration_changed,change,QUESTIONABLE,20,20,1.0,0.0,2,,"{""distribution"": {""false"": 15, ""true"": 5}, ""mode_fraction"": 0.75, ""n"": 20, ""unique"": 2, ""variance"": null}",expressjs/express,0,,,Historical receipt is postdecision; cannot be backdated. PR diff/tested-ref proof incomplete.,Retrospectively extractable; no genuine predecision observation or predictive value demonstrated.,False
expressjs/express,risky_path_changed,change,QUESTIONABLE,20,20,1.0,0.0,2,,"{""distribution"": {""false"": 15, ""true"": 5}, ""mode_fraction"": 0.75, ""n"": 20, ""unique"": 2, ""variance"": null}",expressjs/express,0,,,Historical receipt is postdecision; cannot be backdated. PR diff/tested-ref proof incomplete.,Retrospectively extractable; no genuine predecision observation or predictive value demonstrated.,False
expressjs/express,project_failure_rate_7d,history,NOT COLLECTABLE,20,0,0.0,1.0,0,,"{""distribution"": null, ""n"": 0, ""unique"": 0, ""variance"": null}",,0,,,Source must be available by decision; no predecision corpus exists.,No valid source/availability under this pilot route; not a claim of impossibility with prospective capture.,False
expressjs/express,project_resolved_count_7d,history,NOT COLLECTABLE,20,0,0.0,1.0,0,,"{""distribution"": null, ""n"": 0, ""unique"": 0, ""variance"": null}",,0,,,Source must be available by decision; no predecision corpus exists.,No valid source/availability under this pilot route; not a claim of impossibility with prospective capture.,False
expressjs/express,workflow_failure_rate_7d,history,NOT COLLECTABLE,20,0,0.0,1.0,0,,"{""distribution"": null, ""n"": 0, ""unique"": 0, ""variance"": null}",,0,,,Source must be available by decision; no predecision corpus exists.,No valid source/availability under this pilot route; not a claim of impossibility with prospective capture.,False
expressjs/express,workflow_resolved_count_7d,history,NOT COLLECTABLE,20,0,0.0,1.0,0,,"{""distribution"": null, ""n"": 0, ""unique"": 0, ""variance"": null}",,0,,,Source must be available by decision; no predecision corpus exists.,No valid source/availability under this pilot route; not a claim of impossibility with prospective capture.,False
expressjs/express,same_change_prior_failures,history,NOT COLLECTABLE,20,0,0.0,1.0,0,,"{""distribution"": null, ""n"": 0, ""unique"": 0, ""variance"": null}",,0,,,Source must be available by decision; no predecision corpus exists.,No valid source/availability under this pilot route; not a claim of impossibility with prospective capture.,False
expressjs/express,same_change_prior_resolved,history,NOT COLLECTABLE,20,0,0.0,1.0,0,,"{""distribution"": null, ""n"": 0, ""unique"": 0, ""variance"": null}",,0,,,Source must be available by decision; no predecision corpus exists.,No valid source/availability under this pilot route; not a claim of impossibility with prospective capture.,False
expressjs/express,prior_workflow_duration_s,history,NOT COLLECTABLE,20,0,0.0,1.0,0,,"{""distribution"": null, ""n"": 0, ""unique"": 0, ""variance"": null}",,0,,,Source must be available by decision; no predecision corpus exists.,No authenticated workflow-attempt completion timestamp; job maximum/updated_at prohibited.,False
expressjs/express,author_failure_rate_90d,history,NOT COLLECTABLE,20,0,0.0,1.0,0,,"{""distribution"": null, ""n"": 0, ""unique"": 0, ""variance"": null}",,0,,,Source must be available by decision; no predecision corpus exists.,Stable authorship plus eligible observed history not established; actor is not author.,False
expressjs/express,author_resolved_count_90d,history,NOT COLLECTABLE,20,0,0.0,1.0,0,,"{""distribution"": null, ""n"": 0, ""unique"": 0, ""variance"": null}",,0,,,Source must be available by decision; no predecision corpus exists.,Stable authorship plus eligible observed history not established; actor is not author.,False
expressjs/express,repository_commits_30d,history,NOT COLLECTABLE,20,0,0.0,1.0,0,,"{""distribution"": null, ""n"": 0, ""unique"": 0, ""variance"": null}",,0,,,Source must be available by decision; no predecision corpus exists.,No valid source/availability under this pilot route; not a claim of impossibility with prospective capture.,False
expressjs/express,history_age_s,history,NOT COLLECTABLE,20,0,0.0,1.0,0,,"{""distribution"": null, ""n"": 0, ""unique"": 0, ""variance"": null}",,0,,,Source must be available by decision; no predecision corpus exists.,No valid source/availability under this pilot route; not a claim of impossibility with prospective capture.,False
expressjs/express,history_left_truncated,history,NOT COLLECTABLE,20,0,0.0,1.0,0,,"{""distribution"": null, ""n"": 0, ""unique"": 0, ""variance"": null}",,0,,,Source must be available by decision; no predecision corpus exists.,No valid source/availability under this pilot route; not a claim of impossibility with prospective capture.,False
expressjs/express,workflow_identity,workflow,QUESTIONABLE,20,20,1.0,0.0,2,,"{""distribution"": {""\""237159:106129301\"""": 1, ""\""237159:10933076\"""": 19}, ""mode_fraction"": 0.95, ""n"": 20, ""unique"": 2, ""variance"": null}",expressjs/express,0,,,Source must be available by decision; no predecision corpus exists.,Retrospectively extractable; no genuine predecision observation or predictive value demonstrated.,False
expressjs/express,event_type,workflow,QUESTIONABLE,20,20,1.0,0.0,2,,"{""distribution"": {""\""pull_request\"""": 17, ""\""push\"""": 3}, ""mode_fraction"": 0.85, ""n"": 20, ""unique"": 2, ""variance"": null}",expressjs/express,0,,,Source must be available by decision; no predecision corpus exists.,Retrospectively extractable; no genuine predecision observation or predictive value demonstrated.,False
expressjs/express,branch_class,workflow,NOT COLLECTABLE,20,0,0.0,1.0,0,,"{""distribution"": null, ""n"": 0, ""unique"": 0, ""variance"": null}",,0,,,Source must be available by decision; no predecision corpus exists.,No valid source/availability under this pilot route; not a claim of impossibility with prospective capture.,False
expressjs/express,attempt_number,workflow,UNUSABLE,20,20,1.0,0.0,1,0,"{""distribution"": {""1"": 20}, ""max"": 1, ""median"": 1.0, ""min"": 1, ""mode_fraction"": 1.0, ""n"": 20, ""p01"": 1.0, ""p25"": 1.0, ""p75"": 1.0, ""p99"": 1.0, ""unique"": 1, ""variance"": 0}",expressjs/express,0,,,Source must be available by decision; no predecision corpus exists.,"Constant 1 by primary cohort definition; retain as identity, exclude from primary predictors.",False
expressjs/express,declared_job_count,workflow,QUESTIONABLE,20,3,0.15,0.85,1,0,"{""distribution"": {""3"": 3}, ""max"": 3, ""median"": 3.0, ""min"": 3, ""mode_fraction"": 1.0, ""n"": 3, ""p01"": 3.0, ""p25"": 3.0, ""p75"": 3.0, ""p99"": 3.0, ""unique"": 1, ""variance"": 0}",expressjs/express,0,,,Source must be available by decision; no predecision corpus exists.,Retrospectively extractable; no genuine predecision observation or predictive value demonstrated.,False
expressjs/express,declared_runner_types,workflow,NOT COLLECTABLE,20,0,0.0,1.0,0,,"{""distribution"": null, ""n"": 0, ""unique"": 0, ""variance"": null}",,0,,,Source must be available by decision; no predecision corpus exists.,No valid source/availability under this pilot route; not a claim of impossibility with prospective capture.,False
expressjs/express,repository_language,repository,QUESTIONABLE,20,20,1.0,0.0,1,,"{""distribution"": {""\""JavaScript\"""": 20}, ""mode_fraction"": 1.0, ""n"": 20, ""unique"": 1, ""variance"": null}",expressjs/express,0,,,Source must be available by decision; no predecision corpus exists.,Retrospectively extractable; no genuine predecision observation or predictive value demonstrated.,False
expressjs/express,repository_age_days,repository,NOT COLLECTABLE,20,0,0.0,1.0,0,,"{""distribution"": null, ""n"": 0, ""unique"": 0, ""variance"": null}",,0,,,Source must be available by decision; no predecision corpus exists.,No valid source/availability under this pilot route; not a claim of impossibility with prospective capture.,False
pallets/flask,files_changed,change,QUESTIONABLE,20,20,1.0,0.0,5,2.24,"{""distribution"": {""1"": 6, ""2"": 6, ""3"": 2, ""4"": 2, ""5"": 4}, ""max"": 5, ""median"": 2.0, ""min"": 1, ""mode_fraction"": 0.3, ""n"": 20, ""p01"": 1.0, ""p25"": 1.0, ""p75"": 4.0, ""p99"": 5.0, ""unique"": 5, ""variance"": 2.24}",pallets/flask,0,,,Historical receipt is postdecision; cannot be backdated. PR diff/tested-ref proof incomplete.,Retrospectively extractable; no genuine predecision observation or predictive value demonstrated.,False
pallets/flask,additions,change,QUESTIONABLE,20,20,1.0,0.0,17,1172.99,"{""distribution"": {""1"": 1, ""14"": 2, ""16"": 1, ""161"": 1, ""17"": 1, ""18"": 1, ""19"": 1, ""2"": 1, ""26"": 2, ""3"": 2, ""31"": 1, ""34"": 1, ""42"": 1, ""5"": 1, ""56"": 1, ""6"": 1, ""8"": 1}, ""max"": 161, ""median"": 16.5, ""min"": 1, ""mode_fraction"": 0.1, ""n"": 20, ""p01"": 1.19, ""p25"": 5.75, ""p75"": 27.25, ""p99"": 141.04999999999987, ""unique"": 17, ""variance"": 1172.99}",pallets/flask,0,,,Historical receipt is postdecision; cannot be backdated. PR diff/tested-ref proof incomplete.,Retrospectively extractable; no genuine predecision observation or predictive value demonstrated.,False
pallets/flask,deletions,change,QUESTIONABLE,20,20,1.0,0.0,11,85.51,"{""distribution"": {""0"": 3, ""1"": 5, ""10"": 1, ""12"": 1, ""2"": 3, ""3"": 1, ""30"": 1, ""34"": 1, ""4"": 1, ""7"": 2, ""8"": 1}, ""max"": 34, ""median"": 2.0, ""min"": 0, ""mode_fraction"": 0.25, ""n"": 20, ""p01"": 0.0, ""p25"": 1.0, ""p75"": 7.25, ""p99"": 33.239999999999995, ""unique"": 11, ""variance"": 85.51}",pallets/flask,0,,,Historical receipt is postdecision; cannot be backdated. PR diff/tested-ref proof incomplete.,Retrospectively extractable; no genuine predecision observation or predictive value demonstrated.,False
pallets/flask,total_churn,change,QUESTIONABLE,20,20,1.0,0.0,17,1267.64,"{""distribution"": {""15"": 1, ""16"": 2, ""161"": 1, ""17"": 1, ""2"": 1, ""20"": 1, ""21"": 1, ""23"": 1, ""28"": 1, ""30"": 1, ""34"": 1, ""4"": 1, ""43"": 2, ""5"": 1, ""52"": 1, ""6"": 2, ""86"": 1}, ""max"": 161, ""median"": 20.5, ""min"": 2, ""mode_fraction"": 0.1, ""n"": 20, ""p01"": 2.38, ""p25"": 12.75, ""p75"": 36.25, ""p99"": 146.7499999999999, ""unique"": 17, ""variance"": 1267.64}",pallets/flask,0,,,Historical receipt is postdecision; cannot be backdated. PR diff/tested-ref proof incomplete.,Retrospectively extractable; no genuine predecision observation or predictive value demonstrated.,False
pallets/flask,extension_counts,change,QUESTIONABLE,20,20,1.0,0.0,10,,"{""distribution"": {""{\"".md\"": 1, \"".py\"": 1, \"".rst\"": 3}"": 1, ""{\"".md\"": 1, \"".sh\"": 1, \"".txt\"": 1, \""<none>\"": 1}"": 1, ""{\"".py\"": 1}"": 5, ""{\"".py\"": 2, \"".rst\"": 1}"": 2, ""{\"".py\"": 2}"": 5, ""{\"".py\"": 4, \"".rst\"": 1}"": 1, ""{\"".py\"": 4}"": 1, ""{\"".py\"": 5}"": 2, ""{\"".rst\"": 1}"": 1, ""{\"".sh\"": 1, \""<none>\"": 1}"": 1}, ""mode_fraction"": 0.25, ""n"": 20, ""unique"": 10, ""variance"": null}",pallets/flask,0,,,Historical receipt is postdecision; cannot be backdated. PR diff/tested-ref proof incomplete.,Retrospectively extractable; no genuine predecision observation or predictive value demonstrated.,False
pallets/flask,top_directory_count,change,QUESTIONABLE,20,20,1.0,0.0,3,0.54,"{""distribution"": {""1"": 11, ""2"": 6, ""3"": 3}, ""max"": 3, ""median"": 1.0, ""min"": 1, ""mode_fraction"": 0.55, ""n"": 20, ""p01"": 1.0, ""p25"": 1.0, ""p75"": 2.0, ""p99"": 3.0, ""unique"": 3, ""variance"": 0.54}",pallets/flask,0,,,Historical receipt is postdecision; cannot be backdated. PR diff/tested-ref proof incomplete.,Retrospectively extractable; no genuine predecision observation or predictive value demonstrated.,False
pallets/flask,dependency_file_changed,change,QUESTIONABLE,20,20,1.0,0.0,2,,"{""distribution"": {""false"": 19, ""true"": 1}, ""mode_fraction"": 0.95, ""n"": 20, ""unique"": 2, ""variance"": null}",pallets/flask,0,,,Historical receipt is postdecision; cannot be backdated. PR diff/tested-ref proof incomplete.,Retrospectively extractable; no genuine predecision observation or predictive value demonstrated.,False
pallets/flask,test_file_changed,change,QUESTIONABLE,20,20,1.0,0.0,2,,"{""distribution"": {""false"": 9, ""true"": 11}, ""mode_fraction"": 0.55, ""n"": 20, ""unique"": 2, ""variance"": null}",pallets/flask,0,,,Historical receipt is postdecision; cannot be backdated. PR diff/tested-ref proof incomplete.,Retrospectively extractable; no genuine predecision observation or predictive value demonstrated.,False
pallets/flask,configuration_changed,change,QUESTIONABLE,20,20,1.0,0.0,2,,"{""distribution"": {""false"": 18, ""true"": 2}, ""mode_fraction"": 0.9, ""n"": 20, ""unique"": 2, ""variance"": null}",pallets/flask,0,,,Historical receipt is postdecision; cannot be backdated. PR diff/tested-ref proof incomplete.,Retrospectively extractable; no genuine predecision observation or predictive value demonstrated.,False
pallets/flask,risky_path_changed,change,UNUSABLE,20,20,1.0,0.0,1,,"{""distribution"": {""false"": 20}, ""mode_fraction"": 1.0, ""n"": 20, ""unique"": 1, ""variance"": null}",pallets/flask,0,,,Historical receipt is postdecision; cannot be backdated. PR diff/tested-ref proof incomplete.,Constant among sampled diagnostic changes; no demonstrated contextual variation here.,False
pallets/flask,project_failure_rate_7d,history,NOT COLLECTABLE,20,0,0.0,1.0,0,,"{""distribution"": null, ""n"": 0, ""unique"": 0, ""variance"": null}",,0,,,Source must be available by decision; no predecision corpus exists.,No valid source/availability under this pilot route; not a claim of impossibility with prospective capture.,False
pallets/flask,project_resolved_count_7d,history,NOT COLLECTABLE,20,0,0.0,1.0,0,,"{""distribution"": null, ""n"": 0, ""unique"": 0, ""variance"": null}",,0,,,Source must be available by decision; no predecision corpus exists.,No valid source/availability under this pilot route; not a claim of impossibility with prospective capture.,False
pallets/flask,workflow_failure_rate_7d,history,NOT COLLECTABLE,20,0,0.0,1.0,0,,"{""distribution"": null, ""n"": 0, ""unique"": 0, ""variance"": null}",,0,,,Source must be available by decision; no predecision corpus exists.,No valid source/availability under this pilot route; not a claim of impossibility with prospective capture.,False
pallets/flask,workflow_resolved_count_7d,history,NOT COLLECTABLE,20,0,0.0,1.0,0,,"{""distribution"": null, ""n"": 0, ""unique"": 0, ""variance"": null}",,0,,,Source must be available by decision; no predecision corpus exists.,No valid source/availability under this pilot route; not a claim of impossibility with prospective capture.,False
pallets/flask,same_change_prior_failures,history,NOT COLLECTABLE,20,0,0.0,1.0,0,,"{""distribution"": null, ""n"": 0, ""unique"": 0, ""variance"": null}",,0,,,Source must be available by decision; no predecision corpus exists.,No valid source/availability under this pilot route; not a claim of impossibility with prospective capture.,False
pallets/flask,same_change_prior_resolved,history,NOT COLLECTABLE,20,0,0.0,1.0,0,,"{""distribution"": null, ""n"": 0, ""unique"": 0, ""variance"": null}",,0,,,Source must be available by decision; no predecision corpus exists.,No valid source/availability under this pilot route; not a claim of impossibility with prospective capture.,False
pallets/flask,prior_workflow_duration_s,history,NOT COLLECTABLE,20,0,0.0,1.0,0,,"{""distribution"": null, ""n"": 0, ""unique"": 0, ""variance"": null}",,0,,,Source must be available by decision; no predecision corpus exists.,No authenticated workflow-attempt completion timestamp; job maximum/updated_at prohibited.,False
pallets/flask,author_failure_rate_90d,history,NOT COLLECTABLE,20,0,0.0,1.0,0,,"{""distribution"": null, ""n"": 0, ""unique"": 0, ""variance"": null}",,0,,,Source must be available by decision; no predecision corpus exists.,Stable authorship plus eligible observed history not established; actor is not author.,False
pallets/flask,author_resolved_count_90d,history,NOT COLLECTABLE,20,0,0.0,1.0,0,,"{""distribution"": null, ""n"": 0, ""unique"": 0, ""variance"": null}",,0,,,Source must be available by decision; no predecision corpus exists.,Stable authorship plus eligible observed history not established; actor is not author.,False
pallets/flask,repository_commits_30d,history,NOT COLLECTABLE,20,0,0.0,1.0,0,,"{""distribution"": null, ""n"": 0, ""unique"": 0, ""variance"": null}",,0,,,Source must be available by decision; no predecision corpus exists.,No valid source/availability under this pilot route; not a claim of impossibility with prospective capture.,False
pallets/flask,history_age_s,history,NOT COLLECTABLE,20,0,0.0,1.0,0,,"{""distribution"": null, ""n"": 0, ""unique"": 0, ""variance"": null}",,0,,,Source must be available by decision; no predecision corpus exists.,No valid source/availability under this pilot route; not a claim of impossibility with prospective capture.,False
pallets/flask,history_left_truncated,history,NOT COLLECTABLE,20,0,0.0,1.0,0,,"{""distribution"": null, ""n"": 0, ""unique"": 0, ""variance"": null}",,0,,,Source must be available by decision; no predecision corpus exists.,No valid source/availability under this pilot route; not a claim of impossibility with prospective capture.,False
pallets/flask,workflow_identity,workflow,QUESTIONABLE,20,20,1.0,0.0,1,,"{""distribution"": {""\""596892:1367898\"""": 20}, ""mode_fraction"": 1.0, ""n"": 20, ""unique"": 1, ""variance"": null}",pallets/flask,0,,,Source must be available by decision; no predecision corpus exists.,Retrospectively extractable; no genuine predecision observation or predictive value demonstrated.,False
pallets/flask,event_type,workflow,QUESTIONABLE,20,20,1.0,0.0,2,,"{""distribution"": {""\""pull_request\"""": 17, ""\""push\"""": 3}, ""mode_fraction"": 0.85, ""n"": 20, ""unique"": 2, ""variance"": null}",pallets/flask,0,,,Source must be available by decision; no predecision corpus exists.,Retrospectively extractable; no genuine predecision observation or predictive value demonstrated.,False
pallets/flask,branch_class,workflow,NOT COLLECTABLE,20,0,0.0,1.0,0,,"{""distribution"": null, ""n"": 0, ""unique"": 0, ""variance"": null}",,0,,,Source must be available by decision; no predecision corpus exists.,No valid source/availability under this pilot route; not a claim of impossibility with prospective capture.,False
pallets/flask,attempt_number,workflow,UNUSABLE,20,20,1.0,0.0,1,0,"{""distribution"": {""1"": 20}, ""max"": 1, ""median"": 1.0, ""min"": 1, ""mode_fraction"": 1.0, ""n"": 20, ""p01"": 1.0, ""p25"": 1.0, ""p75"": 1.0, ""p99"": 1.0, ""unique"": 1, ""variance"": 0}",pallets/flask,0,,,Source must be available by decision; no predecision corpus exists.,"Constant 1 by primary cohort definition; retain as identity, exclude from primary predictors.",False
pallets/flask,declared_job_count,workflow,QUESTIONABLE,20,3,0.15,0.85,1,0,"{""distribution"": {""2"": 3}, ""max"": 2, ""median"": 2.0, ""min"": 2, ""mode_fraction"": 1.0, ""n"": 3, ""p01"": 2.0, ""p25"": 2.0, ""p75"": 2.0, ""p99"": 2.0, ""unique"": 1, ""variance"": 0}",pallets/flask,0,,,Source must be available by decision; no predecision corpus exists.,Retrospectively extractable; no genuine predecision observation or predictive value demonstrated.,False
pallets/flask,declared_runner_types,workflow,NOT COLLECTABLE,20,0,0.0,1.0,0,,"{""distribution"": null, ""n"": 0, ""unique"": 0, ""variance"": null}",,0,,,Source must be available by decision; no predecision corpus exists.,No valid source/availability under this pilot route; not a claim of impossibility with prospective capture.,False
pallets/flask,repository_language,repository,QUESTIONABLE,20,20,1.0,0.0,1,,"{""distribution"": {""\""Python\"""": 20}, ""mode_fraction"": 1.0, ""n"": 20, ""unique"": 1, ""variance"": null}",pallets/flask,0,,,Source must be available by decision; no predecision corpus exists.,Retrospectively extractable; no genuine predecision observation or predictive value demonstrated.,False
pallets/flask,repository_age_days,repository,NOT COLLECTABLE,20,0,0.0,1.0,0,,"{""distribution"": null, ""n"": 0, ""unique"": 0, ""variance"": null}",,0,,,Source must be available by decision; no predecision corpus exists.,No valid source/availability under this pilot route; not a claim of impossibility with prospective capture.,False
psf/requests,files_changed,change,QUESTIONABLE,20,20,1.0,0.0,4,2.8475,"{""distribution"": {""1"": 15, ""4"": 2, ""5"": 2, ""6"": 1}, ""max"": 6, ""median"": 1.0, ""min"": 1, ""mode_fraction"": 0.75, ""n"": 20, ""p01"": 1.0, ""p25"": 1.0, ""p75"": 1.75, ""p99"": 5.809999999999999, ""unique"": 4, ""variance"": 2.8475}",psf/requests,0,,,Historical receipt is postdecision; cannot be backdated. PR diff/tested-ref proof incomplete.,Retrospectively extractable; no genuine predecision observation or predictive value demonstrated.,False
psf/requests,additions,change,QUESTIONABLE,20,20,1.0,0.0,5,6.3475,"{""distribution"": {""1"": 14, ""3"": 1, ""6"": 2, ""7"": 2, ""8"": 1}, ""max"": 8, ""median"": 1.0, ""min"": 1, ""mode_fraction"": 0.7, ""n"": 20, ""p01"": 1.0, ""p25"": 1.0, ""p75"": 3.75, ""p99"": 7.809999999999999, ""unique"": 5, ""variance"": 6.3475}",psf/requests,0,,,Historical receipt is postdecision; cannot be backdated. PR diff/tested-ref proof incomplete.,Retrospectively extractable; no genuine predecision observation or predictive value demonstrated.,False
psf/requests,deletions,change,QUESTIONABLE,20,20,1.0,0.0,5,6.3475,"{""distribution"": {""1"": 14, ""3"": 1, ""6"": 2, ""7"": 2, ""8"": 1}, ""max"": 8, ""median"": 1.0, ""min"": 1, ""mode_fraction"": 0.7, ""n"": 20, ""p01"": 1.0, ""p25"": 1.0, ""p75"": 3.75, ""p99"": 7.809999999999999, ""unique"": 5, ""variance"": 6.3475}",psf/requests,0,,,Historical receipt is postdecision; cannot be backdated. PR diff/tested-ref proof incomplete.,Retrospectively extractable; no genuine predecision observation or predictive value demonstrated.,False
psf/requests,total_churn,change,QUESTIONABLE,20,20,1.0,0.0,5,25.39,"{""distribution"": {""12"": 2, ""14"": 2, ""16"": 1, ""2"": 14, ""6"": 1}, ""max"": 16, ""median"": 2.0, ""min"": 2, ""mode_fraction"": 0.7, ""n"": 20, ""p01"": 2.0, ""p25"": 2.0, ""p75"": 7.5, ""p99"": 15.619999999999997, ""unique"": 5, ""variance"": 25.39}",psf/requests,0,,,Historical receipt is postdecision; cannot be backdated. PR diff/tested-ref proof incomplete.,Retrospectively extractable; no genuine predecision observation or predictive value demonstrated.,False
psf/requests,extension_counts,change,QUESTIONABLE,20,20,1.0,0.0,6,,"{""distribution"": {""{\"".md\"": 1}"": 1, ""{\"".yaml\"": 1}"": 12, ""{\"".yml\"": 1}"": 2, ""{\"".yml\"": 4}"": 2, ""{\"".yml\"": 5}"": 2, ""{\"".yml\"": 6}"": 1}, ""mode_fraction"": 0.6, ""n"": 20, ""unique"": 6, ""variance"": null}",psf/requests,0,,,Historical receipt is postdecision; cannot be backdated. PR diff/tested-ref proof incomplete.,Retrospectively extractable; no genuine predecision observation or predictive value demonstrated.,False
psf/requests,top_directory_count,change,UNUSABLE,20,20,1.0,0.0,1,0,"{""distribution"": {""1"": 20}, ""max"": 1, ""median"": 1.0, ""min"": 1, ""mode_fraction"": 1.0, ""n"": 20, ""p01"": 1.0, ""p25"": 1.0, ""p75"": 1.0, ""p99"": 1.0, ""unique"": 1, ""variance"": 0}",psf/requests,0,,,Historical receipt is postdecision; cannot be backdated. PR diff/tested-ref proof incomplete.,Constant among sampled diagnostic changes; no demonstrated contextual variation here.,False
psf/requests,dependency_file_changed,change,UNUSABLE,20,20,1.0,0.0,1,,"{""distribution"": {""false"": 20}, ""mode_fraction"": 1.0, ""n"": 20, ""unique"": 1, ""variance"": null}",psf/requests,0,,,Historical receipt is postdecision; cannot be backdated. PR diff/tested-ref proof incomplete.,Constant among sampled diagnostic changes; no demonstrated contextual variation here.,False
psf/requests,test_file_changed,change,UNUSABLE,20,20,1.0,0.0,1,,"{""distribution"": {""false"": 20}, ""mode_fraction"": 1.0, ""n"": 20, ""unique"": 1, ""variance"": null}",psf/requests,0,,,Historical receipt is postdecision; cannot be backdated. PR diff/tested-ref proof incomplete.,Constant among sampled diagnostic changes; no demonstrated contextual variation here.,False
psf/requests,configuration_changed,change,UNUSABLE,20,20,1.0,0.0,1,,"{""distribution"": {""true"": 20}, ""mode_fraction"": 1.0, ""n"": 20, ""unique"": 1, ""variance"": null}",psf/requests,0,,,Historical receipt is postdecision; cannot be backdated. PR diff/tested-ref proof incomplete.,Constant among sampled diagnostic changes; no demonstrated contextual variation here.,False
psf/requests,risky_path_changed,change,QUESTIONABLE,20,20,1.0,0.0,2,,"{""distribution"": {""false"": 12, ""true"": 8}, ""mode_fraction"": 0.6, ""n"": 20, ""unique"": 2, ""variance"": null}",psf/requests,0,,,Historical receipt is postdecision; cannot be backdated. PR diff/tested-ref proof incomplete.,Retrospectively extractable; no genuine predecision observation or predictive value demonstrated.,False
psf/requests,project_failure_rate_7d,history,NOT COLLECTABLE,20,0,0.0,1.0,0,,"{""distribution"": null, ""n"": 0, ""unique"": 0, ""variance"": null}",,0,,,Source must be available by decision; no predecision corpus exists.,No valid source/availability under this pilot route; not a claim of impossibility with prospective capture.,False
psf/requests,project_resolved_count_7d,history,NOT COLLECTABLE,20,0,0.0,1.0,0,,"{""distribution"": null, ""n"": 0, ""unique"": 0, ""variance"": null}",,0,,,Source must be available by decision; no predecision corpus exists.,No valid source/availability under this pilot route; not a claim of impossibility with prospective capture.,False
psf/requests,workflow_failure_rate_7d,history,NOT COLLECTABLE,20,0,0.0,1.0,0,,"{""distribution"": null, ""n"": 0, ""unique"": 0, ""variance"": null}",,0,,,Source must be available by decision; no predecision corpus exists.,No valid source/availability under this pilot route; not a claim of impossibility with prospective capture.,False
psf/requests,workflow_resolved_count_7d,history,NOT COLLECTABLE,20,0,0.0,1.0,0,,"{""distribution"": null, ""n"": 0, ""unique"": 0, ""variance"": null}",,0,,,Source must be available by decision; no predecision corpus exists.,No valid source/availability under this pilot route; not a claim of impossibility with prospective capture.,False
psf/requests,same_change_prior_failures,history,NOT COLLECTABLE,20,0,0.0,1.0,0,,"{""distribution"": null, ""n"": 0, ""unique"": 0, ""variance"": null}",,0,,,Source must be available by decision; no predecision corpus exists.,No valid source/availability under this pilot route; not a claim of impossibility with prospective capture.,False
psf/requests,same_change_prior_resolved,history,NOT COLLECTABLE,20,0,0.0,1.0,0,,"{""distribution"": null, ""n"": 0, ""unique"": 0, ""variance"": null}",,0,,,Source must be available by decision; no predecision corpus exists.,No valid source/availability under this pilot route; not a claim of impossibility with prospective capture.,False
psf/requests,prior_workflow_duration_s,history,NOT COLLECTABLE,20,0,0.0,1.0,0,,"{""distribution"": null, ""n"": 0, ""unique"": 0, ""variance"": null}",,0,,,Source must be available by decision; no predecision corpus exists.,No authenticated workflow-attempt completion timestamp; job maximum/updated_at prohibited.,False
psf/requests,author_failure_rate_90d,history,NOT COLLECTABLE,20,0,0.0,1.0,0,,"{""distribution"": null, ""n"": 0, ""unique"": 0, ""variance"": null}",,0,,,Source must be available by decision; no predecision corpus exists.,Stable authorship plus eligible observed history not established; actor is not author.,False
psf/requests,author_resolved_count_90d,history,NOT COLLECTABLE,20,0,0.0,1.0,0,,"{""distribution"": null, ""n"": 0, ""unique"": 0, ""variance"": null}",,0,,,Source must be available by decision; no predecision corpus exists.,Stable authorship plus eligible observed history not established; actor is not author.,False
psf/requests,repository_commits_30d,history,NOT COLLECTABLE,20,0,0.0,1.0,0,,"{""distribution"": null, ""n"": 0, ""unique"": 0, ""variance"": null}",,0,,,Source must be available by decision; no predecision corpus exists.,No valid source/availability under this pilot route; not a claim of impossibility with prospective capture.,False
psf/requests,history_age_s,history,NOT COLLECTABLE,20,0,0.0,1.0,0,,"{""distribution"": null, ""n"": 0, ""unique"": 0, ""variance"": null}",,0,,,Source must be available by decision; no predecision corpus exists.,No valid source/availability under this pilot route; not a claim of impossibility with prospective capture.,False
psf/requests,history_left_truncated,history,NOT COLLECTABLE,20,0,0.0,1.0,0,,"{""distribution"": null, ""n"": 0, ""unique"": 0, ""variance"": null}",,0,,,Source must be available by decision; no predecision corpus exists.,No valid source/availability under this pilot route; not a claim of impossibility with prospective capture.,False
psf/requests,workflow_identity,workflow,QUESTIONABLE,20,20,1.0,0.0,1,,"{""distribution"": {""\""1362490:3526169\"""": 20}, ""mode_fraction"": 1.0, ""n"": 20, ""unique"": 1, ""variance"": null}",psf/requests,0,,,Source must be available by decision; no predecision corpus exists.,Retrospectively extractable; no genuine predecision observation or predictive value demonstrated.,False
psf/requests,event_type,workflow,QUESTIONABLE,20,20,1.0,0.0,2,,"{""distribution"": {""\""pull_request\"""": 10, ""\""push\"""": 10}, ""mode_fraction"": 0.5, ""n"": 20, ""unique"": 2, ""variance"": null}",psf/requests,0,,,Source must be available by decision; no predecision corpus exists.,Retrospectively extractable; no genuine predecision observation or predictive value demonstrated.,False
psf/requests,branch_class,workflow,NOT COLLECTABLE,20,0,0.0,1.0,0,,"{""distribution"": null, ""n"": 0, ""unique"": 0, ""variance"": null}",,0,,,Source must be available by decision; no predecision corpus exists.,No valid source/availability under this pilot route; not a claim of impossibility with prospective capture.,False
psf/requests,attempt_number,workflow,UNUSABLE,20,20,1.0,0.0,1,0,"{""distribution"": {""1"": 20}, ""max"": 1, ""median"": 1.0, ""min"": 1, ""mode_fraction"": 1.0, ""n"": 20, ""p01"": 1.0, ""p25"": 1.0, ""p75"": 1.0, ""p99"": 1.0, ""unique"": 1, ""variance"": 0}",psf/requests,0,,,Source must be available by decision; no predecision corpus exists.,"Constant 1 by primary cohort definition; retain as identity, exclude from primary predictors.",False
psf/requests,declared_job_count,workflow,QUESTIONABLE,20,10,0.5,0.5,1,0,"{""distribution"": {""3"": 10}, ""max"": 3, ""median"": 3.0, ""min"": 3, ""mode_fraction"": 1.0, ""n"": 10, ""p01"": 3.0, ""p25"": 3.0, ""p75"": 3.0, ""p99"": 3.0, ""unique"": 1, ""variance"": 0}",psf/requests,0,,,Source must be available by decision; no predecision corpus exists.,Retrospectively extractable; no genuine predecision observation or predictive value demonstrated.,False
psf/requests,declared_runner_types,workflow,NOT COLLECTABLE,20,0,0.0,1.0,0,,"{""distribution"": null, ""n"": 0, ""unique"": 0, ""variance"": null}",,0,,,Source must be available by decision; no predecision corpus exists.,No valid source/availability under this pilot route; not a claim of impossibility with prospective capture.,False
psf/requests,repository_language,repository,QUESTIONABLE,20,20,1.0,0.0,1,,"{""distribution"": {""\""Python\"""": 20}, ""mode_fraction"": 1.0, ""n"": 20, ""unique"": 1, ""variance"": null}",psf/requests,0,,,Source must be available by decision; no predecision corpus exists.,Retrospectively extractable; no genuine predecision observation or predictive value demonstrated.,False
psf/requests,repository_age_days,repository,NOT COLLECTABLE,20,0,0.0,1.0,0,,"{""distribution"": null, ""n"": 0, ""unique"": 0, ""variance"": null}",,0,,,Source must be available by decision; no predecision corpus exists.,No valid source/availability under this pilot route; not a claim of impossibility with prospective capture.,False
