repository,run_id,attempt,head_sha,workflow_created_at,run_started_at,workflow_requested_webhook_received_at,queued_observed_at,first_run_api_receipt_at,earliest_job_created_at,earliest_job_started_at,earliest_job_id,first_reported_non_setup_step_at,first_reported_non_setup_step_name,first_user_controlled_executable_at_verified,retrospective_source_bundle_available_at,prospective_feature_snapshot_complete_at,decision_ready_at,enforcement_acknowledged_at,usable_margin_s,run_to_earliest_job_s,run_to_earliest_job_created_s,optimistic_job_margin_from_api_receipt_s,job_margin_from_retrospective_bundle_s,exact_frozen_diff_basis_verified,run_source_sha256,job_source_sha256,evidence_class
pallets/flask,26430881641,1,b6ca6c99f48d83abf895fe693cf6ae7ab1450fb0,2026-05-26T03:40:30Z,2026-05-26T03:40:30Z,,,2026-09-07T05:53:51.577642Z,2026-05-26T03:40:30Z,2026-05-26T03:40:32Z,77803740553,2026-05-26T03:40:34Z,Run actions/checkout@de0fac2e4500dabe0009e67214ff5f5447ce83dd,,2026-09-07T05:54:28.102414Z,,,,,2.0,0.0,-8993599.577642,-8993636.102414,False,863e5661321b4ebb5fc300b6c5ec662fc9f1e11ceced7f69c8b6cfd5726ddfe4,e5a9edb4f740b9bace08ba5c2cc29216fe99cfba64de4c6c333e75c55e2e4f64,retrospective_reconstruction_not_prospective_timing
pallets/flask,31529340164,1,514fc6b3e8402e4c646d5284e97a4f0ab50a7c4b,2026-08-11T19:44:05Z,2026-08-11T19:44:05Z,,,2026-09-07T05:53:46.179259Z,2026-08-11T19:44:06Z,2026-08-11T19:44:07Z,93905313949,2026-08-11T19:44:09Z,Run actions/checkout@3d3c42e5aac5ba805825da76410c181273ba90b1,,2026-09-07T05:54:31.024828Z,,,,,2.0,1.0,-2282979.179259,-2283024.024828,False,c6b3ad55ba8cac14b1e82c04818c7b04f7734a3bcf2adcbd62c4f702ce252a4c,d5a5760d080cde994843c40fcc687220f5f6a4a3d24bbbb2af86eda3c2ef4e25,retrospective_reconstruction_not_prospective_timing
pallets/flask,28571482533,1,1fb7bf3ee606fa1be33b19593bab7e0117d03a6e,2026-07-02T06:56:19Z,2026-07-02T06:56:19Z,,,2026-09-07T05:53:51.577642Z,2026-07-02T06:56:19Z,2026-07-02T06:56:22Z,84710058651,2026-07-02T06:56:23Z,Run actions/checkout@de0fac2e4500dabe0009e67214ff5f5447ce83dd,,2026-09-07T05:54:33.779548Z,,,,,3.0,0.0,-5785049.577642,-5785091.779548,False,863e5661321b4ebb5fc300b6c5ec662fc9f1e11ceced7f69c8b6cfd5726ddfe4,7dd1ed304636e21e39569dad94684148de336e5d522f93172fc8e5d957d22e85,retrospective_reconstruction_not_prospective_timing
pallets/flask,28060561775,1,8b0d81df63bbcbdca0b71e1d442e7812b5da172e,2026-06-23T22:11:03Z,2026-06-23T22:11:03Z,,,2026-09-07T05:53:51.577642Z,2026-06-23T22:11:04Z,2026-06-23T22:11:05Z,83073475776,2026-06-23T22:11:07Z,Run actions/checkout@de0fac2e4500dabe0009e67214ff5f5447ce83dd,,2026-09-07T05:54:36.430346Z,,,,,2.0,1.0,-6507766.577642,-6507811.430346,False,863e5661321b4ebb5fc300b6c5ec662fc9f1e11ceced7f69c8b6cfd5726ddfe4,4aa27f308a91918d2b8abea8f3ce38d24e6aac4eac3adc98d3327640763d1c2f,retrospective_reconstruction_not_prospective_timing
pallets/flask,28867943154,1,ae0392cbdd9c1fdf0f42a5c73080db25212d2959,2026-07-07T12:58:18Z,2026-07-07T12:58:18Z,,,2026-09-07T05:53:48.767904Z,2026-07-07T12:58:18Z,2026-07-07T12:58:20Z,85622805580,2026-07-07T12:58:22Z,Run actions/checkout@de0fac2e4500dabe0009e67214ff5f5447ce83dd,,2026-09-07T05:54:38.974498Z,,,,,2.0,0.0,-5331328.767904,-5331378.974498,False,9793df799c23cd6535ed77d89adba86953e693c2756845060627e4c8969d6fac,ccd17cc31b20e26f8aba58ccc0dfb80915c922952616365aea4dae01262f9afc,retrospective_reconstruction_not_prospective_timing
pallets/flask,31306611756,1,faff6713d44fffbd7504281eebb324e254c7ac7e,2026-08-09T09:43:58Z,2026-08-09T09:43:58Z,,,2026-09-07T05:53:46.179259Z,2026-08-09T09:43:58Z,2026-08-09T09:44:00Z,93227890500,2026-08-09T09:44:02Z,Run actions/checkout@3d3c42e5aac5ba805825da76410c181273ba90b1,,2026-09-07T05:54:41.617676Z,,,,,2.0,0.0,-2491786.179259,-2491841.617676,False,c6b3ad55ba8cac14b1e82c04818c7b04f7734a3bcf2adcbd62c4f702ce252a4c,ed6cf28b12cad7088fe425b12e07e8e100e9d3fd537642a7f6970eb5ffba14b1,retrospective_reconstruction_not_prospective_timing
pallets/flask,31401106272,1,f6b0eb66ce2042cb05a4422e6066db29f7d46c48,2026-08-10T14:58:53Z,2026-08-10T14:58:53Z,,,2026-09-07T05:53:46.179259Z,2026-08-10T14:58:53Z,2026-08-10T14:58:55Z,93496011751,2026-08-10T14:58:57Z,Run actions/checkout@3d3c42e5aac5ba805825da76410c181273ba90b1,,2026-09-07T05:54:43.873052Z,,,,,2.0,0.0,-2386491.179259,-2386548.873052,False,c6b3ad55ba8cac14b1e82c04818c7b04f7734a3bcf2adcbd62c4f702ce252a4c,79fe73435f47952d0978ee6a53b94fa2457709d7a14c285a989f7237bfb6ac59,retrospective_reconstruction_not_prospective_timing
pallets/flask,28574121670,1,a564e00f9a15341cdb3b8779cb80ba3eb0dc0879,2026-07-02T07:47:53Z,2026-07-02T07:47:53Z,,,2026-09-07T05:53:51.577642Z,2026-07-02T07:47:53Z,2026-07-02T07:47:55Z,84718491011,2026-07-02T07:47:56Z,Run actions/checkout@de0fac2e4500dabe0009e67214ff5f5447ce83dd,,2026-09-07T05:54:46.542872Z,,,,,2.0,0.0,-5781956.577642,-5782011.542872,False,863e5661321b4ebb5fc300b6c5ec662fc9f1e11ceced7f69c8b6cfd5726ddfe4,1d15085fca3c7fc20dc7f709b562b7d0af3994db53f29e64a4595498e3b245e6,retrospective_reconstruction_not_prospective_timing
pallets/flask,30572408686,1,57a8ff0d23138d87f816f6dc3536bb797239887a,2026-07-30T18:53:24Z,2026-07-30T18:53:24Z,,,2026-09-07T05:53:48.767904Z,2026-07-30T18:53:24Z,2026-07-30T18:53:26Z,90972156251,2026-07-30T18:53:28Z,Run actions/checkout@3d3c42e5aac5ba805825da76410c181273ba90b1,,2026-09-07T05:54:49.414747Z,,,,,2.0,0.0,-3322822.767904,-3322883.414747,False,9793df799c23cd6535ed77d89adba86953e693c2756845060627e4c8969d6fac,a1943b1d944931d5d2d1ec90c4c4ff4690662ebe686ef199fc7ee190066d0ee6,retrospective_reconstruction_not_prospective_timing
pallets/flask,31965051447,1,d318b683471101618febed18996405ad26462110,2026-08-16T18:35:37Z,2026-08-16T18:35:37Z,,,2026-09-07T05:53:46.179259Z,2026-08-16T18:35:38Z,2026-08-16T18:35:40Z,95208830705,2026-08-16T18:35:41Z,Run actions/checkout@3d3c42e5aac5ba805825da76410c181273ba90b1,,2026-09-07T05:54:52.498587Z,,,,,3.0,1.0,-1855086.179259,-1855152.498587,True,c6b3ad55ba8cac14b1e82c04818c7b04f7734a3bcf2adcbd62c4f702ce252a4c,a7130202f33e1c18793b8a3b20040770cc552322aad6a59b47deae187d151bba,retrospective_reconstruction_not_prospective_timing
pallets/flask,34073555224,1,e4f64df12156a8a9030023835aa86ffdf95db1a5,2026-09-07T01:36:18Z,2026-09-07T01:36:18Z,,,2026-09-07T05:53:46.179259Z,2026-09-07T01:36:18Z,2026-09-07T01:36:20Z,101595270012,2026-09-07T01:36:21Z,Run actions/checkout@3d3c42e5aac5ba805825da76410c181273ba90b1,,2026-09-07T05:54:55.026743Z,,,,,2.0,0.0,-15446.179259,-15515.026743,False,c6b3ad55ba8cac14b1e82c04818c7b04f7734a3bcf2adcbd62c4f702ce252a4c,ce095bc67282544bb85bfabb5a19a192942030fd22b0270c1ce47b4c585b30cb,retrospective_reconstruction_not_prospective_timing
pallets/flask,28600431478,1,3d7aa8089d8bc5c0e7f15fdd40cde05182c3a6cf,2026-07-02T15:06:52Z,2026-07-02T15:06:52Z,,,2026-09-07T05:53:51.577642Z,2026-07-02T15:06:53Z,2026-07-02T15:06:54Z,84806904398,2026-07-02T15:06:56Z,Run actions/checkout@de0fac2e4500dabe0009e67214ff5f5447ce83dd,,2026-09-07T05:54:57.409227Z,,,,,2.0,1.0,-5755617.577642,-5755683.409227,False,863e5661321b4ebb5fc300b6c5ec662fc9f1e11ceced7f69c8b6cfd5726ddfe4,c004f90b2be227c2673dec2272a092accde4a96a4dc9fa0dff65e6999f13ae6f,retrospective_reconstruction_not_prospective_timing
pallets/flask,28080307625,1,cc4bc94a75f00f2570cabf72cf1fdb316ae3d917,2026-06-24T06:41:24Z,2026-06-24T06:41:24Z,,,2026-09-07T05:53:51.577642Z,2026-06-24T06:41:24Z,2026-06-24T06:41:26Z,83133492114,2026-06-24T06:41:28Z,Run actions/checkout@de0fac2e4500dabe0009e67214ff5f5447ce83dd,,2026-09-07T05:54:59.906315Z,,,,,2.0,0.0,-6477145.577642,-6477213.906315,False,863e5661321b4ebb5fc300b6c5ec662fc9f1e11ceced7f69c8b6cfd5726ddfe4,f9b985ed771dbbe5e8c81db8a7a6f514ca1903de452a0916d5e04b202f899828,retrospective_reconstruction_not_prospective_timing
pallets/flask,26706143481,1,193a049b9641451a71e24abf16951796ed3f843d,2026-05-31T07:09:09Z,2026-05-31T07:09:09Z,,,2026-09-07T05:53:51.577642Z,2026-05-31T07:09:10Z,2026-05-31T07:09:11Z,78707675771,2026-05-31T07:09:13Z,Run actions/checkout@de0fac2e4500dabe0009e67214ff5f5447ce83dd,,2026-09-07T05:55:02.460843Z,,,,,2.0,1.0,-8549080.577642,-8549151.460843,False,863e5661321b4ebb5fc300b6c5ec662fc9f1e11ceced7f69c8b6cfd5726ddfe4,00af10c9c5dcf5a2a8e4f8e37876e7366083471a0c69db7a239bd9101e35a56b,retrospective_reconstruction_not_prospective_timing
pallets/flask,31532481298,1,a82e942870b6472bb40017349cca772c242eb1ad,2026-08-11T20:21:09Z,2026-08-11T20:21:09Z,,,2026-09-07T05:53:46.179259Z,2026-08-11T20:21:10Z,2026-08-11T20:21:11Z,93915611669,2026-08-11T20:21:13Z,Run actions/checkout@3d3c42e5aac5ba805825da76410c181273ba90b1,,2026-09-07T05:55:04.948607Z,,,,,2.0,1.0,-2280755.179259,-2280833.948607,False,c6b3ad55ba8cac14b1e82c04818c7b04f7734a3bcf2adcbd62c4f702ce252a4c,98eb4ce213537a0dcfb77b481b662009bb326ad02748dd486b393494a001c7b0,retrospective_reconstruction_not_prospective_timing
pallets/flask,28604659385,1,b77ac14eb9247f8ec8d5644b5ee57c180692134c,2026-07-02T16:12:26Z,2026-07-02T16:12:26Z,,,2026-09-07T05:53:51.577642Z,2026-07-02T16:12:27Z,2026-07-02T16:12:29Z,84821616778,2026-07-02T16:12:30Z,Run actions/checkout@de0fac2e4500dabe0009e67214ff5f5447ce83dd,,2026-09-07T05:55:07.561473Z,,,,,3.0,1.0,-5751682.577642,-5751758.561473,False,863e5661321b4ebb5fc300b6c5ec662fc9f1e11ceced7f69c8b6cfd5726ddfe4,8e6bd64ee64f3aa7204704adcaa953f2d98ad9ed9cdaa880efe2a7b82e81dc53,retrospective_reconstruction_not_prospective_timing
pallets/flask,27670321427,1,2bc4bd4c3698a17f104fee9b9aac3ba7640f23d8,2026-06-17T06:30:16Z,2026-06-17T06:30:16Z,,,2026-09-07T05:53:51.577642Z,2026-06-17T06:30:17Z,2026-06-17T06:30:19Z,81832994461,2026-06-17T06:30:20Z,Run actions/checkout@de0fac2e4500dabe0009e67214ff5f5447ce83dd,,2026-09-07T05:55:10.286353Z,,,,,3.0,1.0,-7082612.577642,-7082691.286353,False,863e5661321b4ebb5fc300b6c5ec662fc9f1e11ceced7f69c8b6cfd5726ddfe4,8a505dc82fb0826706dc0580ee98eecb91e910b3312995db5eca88e661ea162b,retrospective_reconstruction_not_prospective_timing
pallets/flask,26706107423,1,4e584a238bfb313c4fa0c9ae741aa6a29a2acf63,2026-05-31T07:07:11Z,2026-05-31T07:07:11Z,,,2026-09-07T05:53:51.577642Z,2026-05-31T07:07:11Z,2026-05-31T07:07:13Z,78707566907,2026-05-31T07:07:15Z,Run actions/checkout@de0fac2e4500dabe0009e67214ff5f5447ce83dd,,2026-09-07T05:55:12.545078Z,,,,,2.0,0.0,-8549198.577642,-8549279.545078,False,863e5661321b4ebb5fc300b6c5ec662fc9f1e11ceced7f69c8b6cfd5726ddfe4,909ce3e9e9c43a0213f59849f633ce9ac70c56d5774b730a9e6a5af3ff66b6a7,retrospective_reconstruction_not_prospective_timing
pallets/flask,29325059717,1,bcad8d2a467919c21b99eda27d862d1fd8db3b3a,2026-07-14T10:21:36Z,2026-07-14T10:21:36Z,,,2026-09-07T05:53:48.767904Z,2026-07-14T10:21:36Z,2026-07-14T10:21:38Z,87059289308,2026-07-14T10:21:39Z,Run actions/checkout@de0fac2e4500dabe0009e67214ff5f5447ce83dd,,2026-09-07T05:55:15.418347Z,,,,,2.0,0.0,-4735930.767904,-4736017.418347,False,9793df799c23cd6535ed77d89adba86953e693c2756845060627e4c8969d6fac,7c700b429053cbbc39321b07b60e188aa77af75b8dd18699ed272704ffaf95ce,retrospective_reconstruction_not_prospective_timing
pallets/flask,31443531289,1,8b4fd5d18611e63080b826ecfefe8659dba7d2e4,2026-08-10T23:45:08Z,2026-08-10T23:45:08Z,,,2026-09-07T05:53:46.179259Z,2026-08-10T23:45:09Z,2026-08-10T23:45:10Z,93632937367,2026-08-10T23:45:12Z,Run actions/checkout@3d3c42e5aac5ba805825da76410c181273ba90b1,,2026-09-07T05:55:17.932513Z,,,,,2.0,1.0,-2354916.179259,-2355007.932513,True,c6b3ad55ba8cac14b1e82c04818c7b04f7734a3bcf2adcbd62c4f702ce252a4c,6202a165609b6194790cfc6bc1213c2de244e1d5965a6cffa93299a690fdf45f,retrospective_reconstruction_not_prospective_timing
psf/requests,30289152839,1,414f0513c33883adf6f2b46901d4f0b38a455851,2026-07-27T17:25:12Z,2026-07-27T17:25:12Z,,,2026-09-07T05:54:02.218755Z,2026-07-27T17:25:13Z,2026-07-27T17:25:15Z,90054334891,2026-07-27T17:25:17Z,Run actions/checkout@9c091bb21b7c1c1d1991bb908d89e4e9dddfe3e0,,2026-09-07T05:55:20.758961Z,,,,,3.0,1.0,-3587327.218755,-3587405.758961,True,6ea7a8ccab24a66852480fe765caa058e72ca274b21a584c7519518d138c7072,3ad62412567993182eca32075fe3187b0ca533e3fa96616c1422c4d1e8da2b01,retrospective_reconstruction_not_prospective_timing
psf/requests,32753548636,1,a42344e766bcbc27ae1296f4c564cafdd3bfd66a,2026-08-24T16:54:33Z,2026-08-24T16:54:33Z,,,2026-09-07T05:53:55.282283Z,2026-08-24T16:54:34Z,2026-08-24T16:54:36Z,97515801541,2026-08-24T16:54:37Z,Run actions/checkout@9c091bb21b7c1c1d1991bb908d89e4e9dddfe3e0,,2026-09-07T05:55:24.216931Z,,,,,3.0,1.0,-1169959.282283,-1170048.216931,False,14b125262111179571bcdc0fb9261bf0d00e44e08376389439488da0a0cddf02,0433d3860428de2a78c4a2b6c71e94a396fa569ccbc2f87a1581c4394db0cc78,retrospective_reconstruction_not_prospective_timing
psf/requests,32794206178,1,5eb28753421fe1d32fa5482f9320e78bf9dfb064,2026-08-25T00:34:53Z,2026-08-25T00:34:53Z,,,2026-09-07T05:53:55.282283Z,2026-08-25T00:34:53Z,2026-08-25T00:34:55Z,97641992131,2026-08-25T00:34:56Z,Run actions/checkout@9c091bb21b7c1c1d1991bb908d89e4e9dddfe3e0,,2026-09-07T05:55:28.245140Z,,,,,2.0,0.0,-1142340.282283,-1142433.24514,False,14b125262111179571bcdc0fb9261bf0d00e44e08376389439488da0a0cddf02,79b24c2a0b3b31e24b53a4d4ee14056644f720ab9986b0995246a24eb597ef01,retrospective_reconstruction_not_prospective_timing
psf/requests,29027643459,1,8051baa8cea20b8d57a94c32f57317eeb4b9af2e,2026-07-09T14:59:30Z,2026-07-09T14:59:30Z,,,2026-09-07T05:54:06.284873Z,,,,,,,2026-09-07T05:55:31.673475Z,,,,,,,,,False,443a6e6d165dad4b7628e898b62c8c07c28f24ab029a6d84f0b72630ebb704d6,b3dab5870ff3a8209160335de7c1077b89e461d875d9041ac9d8b8ed7c1666f6,retrospective_reconstruction_not_prospective_timing
psf/requests,30286907962,1,01576fe18d99eb9a9874a13ca61f4ddd93c6998a,2026-07-27T16:55:17Z,2026-07-27T16:55:17Z,,,2026-09-07T05:53:57.623898Z,2026-07-27T16:55:17Z,2026-07-27T16:55:20Z,90046849277,2026-07-27T16:55:21Z,Run actions/checkout@9c091bb21b7c1c1d1991bb908d89e4e9dddfe3e0,,2026-09-07T05:55:33.070095Z,,,,,3.0,0.0,-3589117.623898,-3589213.070095,False,11eca8f19cce31e20e3b58188e0660c7b9f2d14781decd666392b98e2c9b8c01,b4efd2bef65688f1757dbe7f1b40a2097fe4985e6967232582050edfed56a6ab,retrospective_reconstruction_not_prospective_timing
psf/requests,28810745118,1,4c800e9aea2059660b8306b0fc8f9e9a4232cb3e,2026-07-06T17:32:33Z,2026-07-06T17:32:33Z,,,2026-09-07T05:54:00.743917Z,2026-07-06T17:32:33Z,2026-07-06T17:32:35Z,85437714751,2026-07-06T17:32:36Z,Run actions/checkout@9c091bb21b7c1c1d1991bb908d89e4e9dddfe3e0,,2026-09-07T05:55:36.588641Z,,,,,2.0,0.0,-5401285.743917,-5401381.588641,True,62250b664b41ed7cefa58e011c2a250ef91a0bfac891aad0a5117aacb2c9121c,919783bfed97ed72edd79c8be3312a7a6d8f938d44ab693265c51aa782f09eb7,retrospective_reconstruction_not_prospective_timing
psf/requests,30288649098,1,ded32878c0090f6b7b32a008176df6cecf36481f,2026-07-27T17:18:21Z,2026-07-27T17:18:21Z,,,2026-09-07T05:53:57.623898Z,2026-07-27T17:18:22Z,2026-07-27T17:18:24Z,90052646264,2026-07-27T17:18:25Z,Run actions/checkout@9c091bb21b7c1c1d1991bb908d89e4e9dddfe3e0,,2026-09-07T05:55:39.959845Z,,,,,3.0,1.0,-3587733.623898,-3587835.959845,True,11eca8f19cce31e20e3b58188e0660c7b9f2d14781decd666392b98e2c9b8c01,6a257c6adaba5fdb935b495234d1fe20ebf30590b9cbb71214b14f602bbd886e,retrospective_reconstruction_not_prospective_timing
psf/requests,30838722427,1,1f6589ec3a1ee910f9a65cc3ceac60b26677bc0e,2026-08-03T17:52:47Z,2026-08-03T17:52:47Z,,,2026-09-07T05:53:57.623898Z,2026-08-03T17:52:48Z,2026-08-03T17:52:50Z,91770240026,2026-08-03T17:52:50Z,Run actions/checkout@9c091bb21b7c1c1d1991bb908d89e4e9dddfe3e0,,2026-09-07T05:55:43.520156Z,,,,,3.0,1.0,-2980867.623898,-2980973.520156,True,11eca8f19cce31e20e3b58188e0660c7b9f2d14781decd666392b98e2c9b8c01,5a0175ff05365e15380c9679256c448cd8db06c40a36fc3fbec7c6ab55838e38,retrospective_reconstruction_not_prospective_timing
psf/requests,32058209476,1,8f8b212de8c2129d7954c6cd373762880375620a,2026-08-17T19:03:16Z,2026-08-17T19:03:16Z,,,2026-09-07T05:53:55.282283Z,2026-08-17T19:03:17Z,2026-08-17T19:03:19Z,95473146101,2026-08-17T19:03:20Z,Run actions/checkout@9c091bb21b7c1c1d1991bb908d89e4e9dddfe3e0,,2026-09-07T05:55:47.253722Z,,,,,3.0,1.0,-1767036.282283,-1767148.253722,True,14b125262111179571bcdc0fb9261bf0d00e44e08376389439488da0a0cddf02,d958f79ba2ca6c3375965ec26c9191d3ed266e128417e2e7bc3dd8887aaba1a4,retrospective_reconstruction_not_prospective_timing
psf/requests,32757293924,1,6af0b94158bbe10c45e754e85f9701f401e6aa9c,2026-08-24T17:33:18Z,2026-08-24T17:33:18Z,,,2026-09-07T05:53:55.282283Z,2026-08-24T17:33:18Z,2026-08-24T17:33:20Z,97527669365,2026-08-24T17:33:22Z,Run actions/checkout@9c091bb21b7c1c1d1991bb908d89e4e9dddfe3e0,,2026-09-07T05:55:50.694561Z,,,,,2.0,0.0,-1167635.282283,-1167750.694561,True,14b125262111179571bcdc0fb9261bf0d00e44e08376389439488da0a0cddf02,a9fdf9e4040f5b9c2f7f473b56081ff5d4f5eb5e24018fa0ff382ee19f38cd95,retrospective_reconstruction_not_prospective_timing
psf/requests,28388731215,1,e30bd7cd52626740a0ba5546d9abd4ce61beb764,2026-06-29T16:54:56Z,2026-06-29T16:54:56Z,,,2026-09-07T05:54:00.743917Z,2026-06-29T16:54:56Z,2026-06-29T16:54:58Z,84110014374,2026-06-29T16:55:00Z,Run actions/checkout@9c091bb21b7c1c1d1991bb908d89e4e9dddfe3e0,,2026-09-07T05:55:54.193001Z,,,,,2.0,0.0,-6008342.743917,-6008456.193001,False,62250b664b41ed7cefa58e011c2a250ef91a0bfac891aad0a5117aacb2c9121c,8d5d19dd5fd15b414123e60ebd7ede6fd7accb2edd0ac1ebfb37fbce9a5dd4a7,retrospective_reconstruction_not_prospective_timing
psf/requests,33416795862,1,4cb8d62fe69e0fa95605b21b3f747cd858189c26,2026-08-31T16:55:58Z,2026-08-31T16:55:58Z,,,2026-09-07T05:53:55.282283Z,2026-08-31T16:55:59Z,2026-08-31T16:56:01Z,99569274870,2026-08-31T16:56:02Z,Run actions/checkout@9c091bb21b7c1c1d1991bb908d89e4e9dddfe3e0,,2026-09-07T05:55:58.418465Z,,,,,3.0,1.0,-565074.282283,-565197.418465,False,14b125262111179571bcdc0fb9261bf0d00e44e08376389439488da0a0cddf02,e500ed0e1a1a1a1a7f4146b20bdca84bcd84521744731c63bb2f3e8a507758d9,retrospective_reconstruction_not_prospective_timing
psf/requests,29761741573,1,b4b5aa4d264c78dcf4b4d95ddba880f164842f00,2026-07-20T16:56:56Z,2026-07-20T16:56:56Z,,,2026-09-07T05:54:03.138201Z,2026-07-20T16:56:57Z,2026-07-20T16:56:58Z,88417765080,2026-07-20T16:57:00Z,Run actions/checkout@9c091bb21b7c1c1d1991bb908d89e4e9dddfe3e0,,2026-09-07T05:56:01.678008Z,,,,,2.0,1.0,-4193825.138201,-4193943.678008,True,8f8c6c0a918aa1e3e8e77635dea362087001947323fda366a96652c501948ecf,b39192b7a5f40841eeb96b6848f97c2b6585cef54a1ecf419f0417599158d66e,retrospective_reconstruction_not_prospective_timing
psf/requests,31411446227,1,4b9735d4b3cd0202c5d932958c07db6cd4f536e5,2026-08-10T16:55:32Z,2026-08-10T16:55:32Z,,,2026-09-07T05:53:57.623898Z,2026-08-10T16:55:32Z,2026-08-10T16:55:34Z,93530220526,2026-08-10T16:55:35Z,Run actions/checkout@9c091bb21b7c1c1d1991bb908d89e4e9dddfe3e0,,2026-09-07T05:56:05.207466Z,,,,,2.0,0.0,-2379503.623898,-2379631.207466,False,11eca8f19cce31e20e3b58188e0660c7b9f2d14781decd666392b98e2c9b8c01,1fad4fea45725f7441c799f722dec2e1ba3d6c16396187db78a6be6af1dd9237,retrospective_reconstruction_not_prospective_timing
psf/requests,28134561211,1,4ed3d1b3204caa6806a36125a39589044a02e807,2026-06-24T22:47:18Z,2026-06-24T22:47:18Z,,,2026-09-07T05:54:00.743917Z,2026-06-24T22:47:18Z,2026-06-24T22:47:20Z,83318360674,2026-06-24T22:47:21Z,Run actions/checkout@9c091bb21b7c1c1d1991bb908d89e4e9dddfe3e0,,2026-09-07T05:56:08.902917Z,,,,,2.0,0.0,-6419200.743917,-6419328.902917,True,62250b664b41ed7cefa58e011c2a250ef91a0bfac891aad0a5117aacb2c9121c,1af749adfaa339252dc3e6bb1021a1ea35208ce722c77a32c3a7cf32b9b6e3c0,retrospective_reconstruction_not_prospective_timing
psf/requests,29765540818,1,b17c61b618b1824f1f5d9edcacaf16801343a295,2026-07-20T17:55:29Z,2026-07-20T17:55:29Z,,,2026-09-07T05:53:57.623898Z,2026-07-20T17:55:30Z,2026-07-20T17:55:32Z,88430766653,2026-07-20T17:55:33Z,Run actions/checkout@9c091bb21b7c1c1d1991bb908d89e4e9dddfe3e0,,2026-09-07T05:56:12.679409Z,,,,,3.0,1.0,-4190305.623898,-4190440.679409,True,11eca8f19cce31e20e3b58188e0660c7b9f2d14781decd666392b98e2c9b8c01,e0721dfa31b7371c82f2bcf6f4f9b2f5e7d66c3d75e53afe59966d22a331f86e,retrospective_reconstruction_not_prospective_timing
psf/requests,31511344947,1,8068356288978c4f54661ae6f95afe0e0831885e,2026-08-11T16:14:29Z,2026-08-11T16:14:29Z,,,2026-09-07T05:53:55.282283Z,2026-08-11T16:14:30Z,2026-08-11T16:14:32Z,93845630773,2026-08-11T16:14:33Z,Run actions/checkout@9c091bb21b7c1c1d1991bb908d89e4e9dddfe3e0,,2026-09-07T05:56:15.901608Z,,,,,3.0,1.0,-2295563.282283,-2295703.901608,True,14b125262111179571bcdc0fb9261bf0d00e44e08376389439488da0a0cddf02,8e9a8f19eb65d40c1352e2ee552aa420b075d4e9b215673703e82cf95c98ef24,retrospective_reconstruction_not_prospective_timing
psf/requests,30286748366,1,a0c50324646dea4efd509f0e85a05e37a1ad5ee5,2026-07-27T16:53:15Z,2026-07-27T16:53:15Z,,,2026-09-07T05:53:57.623898Z,2026-07-27T16:53:16Z,2026-07-27T16:53:18Z,90046322670,2026-07-27T16:53:19Z,Run actions/checkout@9c091bb21b7c1c1d1991bb908d89e4e9dddfe3e0,,2026-09-07T05:56:20.043944Z,,,,,3.0,1.0,-3589239.623898,-3589382.043944,False,11eca8f19cce31e20e3b58188e0660c7b9f2d14781decd666392b98e2c9b8c01,22618327a2b3b2eb4bfd75dd0f78eb9d7f6588c5ec3698ea445e4acaa968888c,retrospective_reconstruction_not_prospective_timing
psf/requests,28808393449,1,ee5173d05622d4aaca0b2a0ab2864748d16db3d1,2026-07-06T16:53:25Z,2026-07-06T16:53:25Z,,,2026-09-07T05:54:00.743917Z,2026-07-06T16:53:25Z,2026-07-06T16:53:28Z,85429712266,2026-07-06T16:53:28Z,Run actions/checkout@9c091bb21b7c1c1d1991bb908d89e4e9dddfe3e0,,2026-09-07T05:56:23.880125Z,,,,,3.0,0.0,-5403632.743917,-5403775.880125,False,62250b664b41ed7cefa58e011c2a250ef91a0bfac891aad0a5117aacb2c9121c,8168ddb2d291211eedc56097de04a051e86dd674e2e0409bfa34a612ebf7e212,retrospective_reconstruction_not_prospective_timing
psf/requests,32056133208,1,5d53a1f3634de1e51ef9b6bf4a6e79e96820a608,2026-08-17T18:41:22Z,2026-08-17T18:41:22Z,,,2026-09-07T05:53:55.282283Z,2026-08-17T18:41:23Z,2026-08-17T18:41:25Z,95466602879,2026-08-17T18:41:26Z,Run actions/checkout@9c091bb21b7c1c1d1991bb908d89e4e9dddfe3e0,,2026-09-07T05:56:27.537491Z,,,,,3.0,1.0,-1768350.282283,-1768502.537491,False,14b125262111179571bcdc0fb9261bf0d00e44e08376389439488da0a0cddf02,35c3550d02b6f4c262b9cd2055e01d9468e4362bc2d296ac46197fdde807a6af,retrospective_reconstruction_not_prospective_timing
expressjs/express,29224457082,1,38278a671505ed1545f720b40433be04efd37b7b,2026-07-13T04:38:55Z,2026-07-13T04:38:55Z,,,2026-09-07T05:54:13.457057Z,2026-07-13T04:38:56Z,2026-07-13T04:38:58Z,86735699011,2026-07-13T04:38:59Z,Run actions/checkout@9c091bb21b7c1c1d1991bb908d89e4e9dddfe3e0,,2026-09-07T05:56:31.042998Z,,,,,3.0,1.0,-4842915.457057,-4843053.042998,False,7f971884a2316fc3cece88edc48ea017da424333f238ba7fc7584f5f00e427bc,68ed4ab81c96b432732b048c6ce5db510e1e3be7255f4d8bd2e1ec8cbced0f96,retrospective_reconstruction_not_prospective_timing
expressjs/express,30694784820,1,86be1aca028c55cd4a8c86a23bb631e1a8d1200c,2026-08-01T09:58:14Z,2026-08-01T09:58:14Z,,,2026-09-07T05:54:13.457057Z,2026-08-01T09:58:15Z,2026-08-01T09:58:17Z,91355665261,2026-08-01T09:58:18Z,Run actions/checkout@3d3c42e5aac5ba805825da76410c181273ba90b1,,2026-09-07T05:56:34.278488Z,,,,,3.0,1.0,-3182156.457057,-3182297.278488,False,7f971884a2316fc3cece88edc48ea017da424333f238ba7fc7584f5f00e427bc,c256b737b8282c43bb358644d1e6b44335db82d11abc25be8367bb5d21c82680,retrospective_reconstruction_not_prospective_timing
expressjs/express,33495069276,1,fc410d179c806bb6a29814d0519675cb500a00b0,2026-09-01T09:59:21Z,2026-09-01T09:59:21Z,,,2026-09-07T05:54:10.704287Z,2026-09-01T09:59:21Z,2026-09-01T09:59:24Z,99815240111,2026-09-01T09:59:27Z,Run actions/checkout@3d3c42e5aac5ba805825da76410c181273ba90b1,,2026-09-07T05:56:37.388752Z,,,,,3.0,0.0,-503686.704287,-503833.388752,False,5f32c6748925bcfba04484909c71b91594fbe3f9a1bcaefb4b2d5c34d5ef8c41,56680efeba01e22c1571aea8dd8a9bc0b1e684ecd44d849590d91299f534b818,retrospective_reconstruction_not_prospective_timing
expressjs/express,32216270271,1,4e18e67a6680b0bab07547a8a60945ed41def617,2026-08-19T04:34:46Z,2026-08-19T04:34:46Z,,,2026-09-07T05:54:13.457057Z,,,,,,,2026-09-07T05:56:40.470233Z,,,,,,,,,False,7f971884a2316fc3cece88edc48ea017da424333f238ba7fc7584f5f00e427bc,b3dab5870ff3a8209160335de7c1077b89e461d875d9041ac9d8b8ed7c1666f6,retrospective_reconstruction_not_prospective_timing
expressjs/express,31080369666,1,d186ad81c23cd020f473f50952ea1112711f9f0f,2026-08-06T07:17:44Z,2026-08-06T07:17:44Z,,,2026-09-07T05:54:13.457057Z,,,,,,,2026-09-07T05:56:41.813314Z,,,,,,,,,False,7f971884a2316fc3cece88edc48ea017da424333f238ba7fc7584f5f00e427bc,b3dab5870ff3a8209160335de7c1077b89e461d875d9041ac9d8b8ed7c1666f6,retrospective_reconstruction_not_prospective_timing
expressjs/express,33495165570,1,42db68a7e1e0f2e440042c00e4b7d01d180259a6,2026-09-01T10:00:27Z,2026-09-01T10:00:27Z,,,2026-09-07T05:54:10.704287Z,2026-09-01T10:00:27Z,2026-09-01T10:00:29Z,99815541913,2026-09-01T10:00:30Z,Run actions/checkout@3d3c42e5aac5ba805825da76410c181273ba90b1,,2026-09-07T05:56:43.197982Z,,,,,2.0,0.0,-503621.704287,-503774.197982,False,5f32c6748925bcfba04484909c71b91594fbe3f9a1bcaefb4b2d5c34d5ef8c41,49566251ce9a464029a8fe9675edbbd62a1b8f4277b479e6e2fc5ab1d4b0fa72,retrospective_reconstruction_not_prospective_timing
expressjs/express,33553290811,1,8ac3281206fdab422b85cb687c0bb1cdefb33c26,2026-09-01T20:05:44Z,2026-09-01T20:05:44Z,,,2026-09-07T05:54:16.992390Z,,,,,,,2026-09-07T05:56:46.544178Z,,,,,,,,,False,69a1b63a44a276b552683e096d3d4ed8324862fc81658fb53c4af292236125da,b3dab5870ff3a8209160335de7c1077b89e461d875d9041ac9d8b8ed7c1666f6,retrospective_reconstruction_not_prospective_timing
expressjs/express,29225454196,1,4859afa6c2a5ffbd7de850e036915823b6f79d97,2026-07-13T05:05:43Z,2026-07-13T05:05:43Z,,,2026-09-07T05:54:13.457057Z,2026-07-13T05:05:44Z,2026-07-13T05:05:46Z,86738483302,2026-07-13T05:05:47Z,Run actions/checkout@9c091bb21b7c1c1d1991bb908d89e4e9dddfe3e0,,2026-09-07T05:56:48.019101Z,,,,,3.0,1.0,-4841307.457057,-4841462.019101,False,7f971884a2316fc3cece88edc48ea017da424333f238ba7fc7584f5f00e427bc,a4f6f6c988598632f746ff85133739c2731af0f19d22bb67d152f9c4952a1717,retrospective_reconstruction_not_prospective_timing
expressjs/express,31217856468,1,542756f66732dfd4579c71951830a0b39ba05d57,2026-08-07T20:54:23Z,2026-08-07T20:54:23Z,,,2026-09-07T05:54:13.457057Z,,,,,,,2026-09-07T05:56:51.181457Z,,,,,,,,,False,7f971884a2316fc3cece88edc48ea017da424333f238ba7fc7584f5f00e427bc,b3dab5870ff3a8209160335de7c1077b89e461d875d9041ac9d8b8ed7c1666f6,retrospective_reconstruction_not_prospective_timing
expressjs/express,29216823921,1,4786b4e6dfa24eba0e96a321df283b499451bee1,2026-07-13T01:09:25Z,2026-07-13T01:09:25Z,,,2026-09-07T05:54:13.457057Z,2026-07-13T01:09:26Z,2026-07-13T01:09:27Z,86714236071,2026-07-13T01:09:29Z,Run actions/checkout@9c091bb21b7c1c1d1991bb908d89e4e9dddfe3e0,,2026-09-07T05:56:52.744633Z,,,,,2.0,1.0,-4855486.457057,-4855645.744633,False,7f971884a2316fc3cece88edc48ea017da424333f238ba7fc7584f5f00e427bc,a931972bcbc4a070eba8393a4f7df71868e7d91af71762a4eea30b97c643355f,retrospective_reconstruction_not_prospective_timing
expressjs/express,31079906103,1,022daf23370d60db310eba37ee50d89096b63874,2026-08-06T07:10:25Z,2026-08-06T07:10:25Z,,,2026-09-07T05:54:20.466415Z,,,,,,,2026-09-07T05:56:55.704537Z,,,,,,,,,False,ba2e6db877285033c0d2609d3db100ffcf8a453adc63ef3badc66761fa00abe9,b3dab5870ff3a8209160335de7c1077b89e461d875d9041ac9d8b8ed7c1666f6,retrospective_reconstruction_not_prospective_timing
expressjs/express,33271812037,1,1c536360d47c737840a8f0ed51080628b8fab41e,2026-08-29T19:48:13Z,2026-08-29T19:48:13Z,,,2026-09-07T05:54:10.704287Z,,,,,,,2026-09-07T05:56:56.973269Z,,,,,,,,,False,5f32c6748925bcfba04484909c71b91594fbe3f9a1bcaefb4b2d5c34d5ef8c41,b3dab5870ff3a8209160335de7c1077b89e461d875d9041ac9d8b8ed7c1666f6,retrospective_reconstruction_not_prospective_timing
expressjs/express,33490629790,1,f5dc90bc43b8358316055f6d324f7f8a2515f676,2026-09-01T09:08:13Z,2026-09-01T09:08:13Z,,,2026-09-07T05:54:10.704287Z,,,,,,,2026-09-07T05:56:58.422492Z,,,,,,,,,False,5f32c6748925bcfba04484909c71b91594fbe3f9a1bcaefb4b2d5c34d5ef8c41,b3dab5870ff3a8209160335de7c1077b89e461d875d9041ac9d8b8ed7c1666f6,retrospective_reconstruction_not_prospective_timing
expressjs/express,33325075950,1,f9330f13a6b0d9cd65e9974a4fbcadc514ff51c9,2026-08-30T17:22:21Z,2026-08-30T17:22:21Z,,,2026-09-07T05:54:10.704287Z,,,,,,,2026-09-07T05:56:59.816905Z,,,,,,,,,False,5f32c6748925bcfba04484909c71b91594fbe3f9a1bcaefb4b2d5c34d5ef8c41,b3dab5870ff3a8209160335de7c1077b89e461d875d9041ac9d8b8ed7c1666f6,retrospective_reconstruction_not_prospective_timing
expressjs/express,28833658315,1,2c9262370829b319bb51eea597fb83f1f8cad55e,2026-07-07T00:52:14Z,2026-07-07T00:52:14Z,,,2026-09-07T05:54:23.535598Z,,,,,,,2026-09-07T05:57:01.167619Z,,,,,,,,,False,39758dc33ce1decdacd18c481cda59a8a79a09131865fc880cbef9e562dcd9bc,b3dab5870ff3a8209160335de7c1077b89e461d875d9041ac9d8b8ed7c1666f6,retrospective_reconstruction_not_prospective_timing
expressjs/express,27593768251,1,f556b0b8d2ff0e9c6094d0a06d27fa5c11bf53a2,2026-06-16T04:16:09Z,2026-06-16T04:16:09Z,,,2026-09-07T05:54:16.075263Z,2026-06-16T04:16:19Z,2026-06-16T04:16:21Z,81579725607,2026-06-16T04:16:23Z,Run actions/checkout@de0fac2e4500dabe0009e67214ff5f5447ce83dd,,2026-09-07T05:57:02.504677Z,,,,,12.0,10.0,-7177075.075263,-7177241.504677,False,c9746a9c712f3ba1a4558b6a77027abb6499d9f45fbf29a178a468fea30b1581,2d5e37186970e1c9d83a79da19ac5b251d48c98651dfe9d710e1d64ca171d6c0,retrospective_reconstruction_not_prospective_timing
expressjs/express,28347408159,1,614a168e4a6188b5f9576d4239c7c3a584e259cb,2026-06-29T03:51:31Z,2026-06-29T03:51:31Z,,,2026-09-07T05:54:25.773401Z,,,,,,,2026-09-07T05:57:05.936803Z,,,,,,,,,False,877adc9bdc65b358a5c81987f992717235c4e0f4dd869115fb5c6381164260c6,b3dab5870ff3a8209160335de7c1077b89e461d875d9041ac9d8b8ed7c1666f6,retrospective_reconstruction_not_prospective_timing
expressjs/express,32597964533,1,91d333b4cfea158c9798d32e6665d36bd8e37c3d,2026-08-22T20:53:00Z,2026-08-22T20:53:00Z,,,2026-09-07T05:54:10.704287Z,2026-08-22T20:53:11Z,2026-08-22T20:53:12Z,97091804639,2026-08-22T20:53:14Z,Run actions/checkout@3d3c42e5aac5ba805825da76410c181273ba90b1,,2026-09-07T05:57:07.247545Z,,,,,12.0,11.0,-1328458.704287,-1328635.247545,True,5f32c6748925bcfba04484909c71b91594fbe3f9a1bcaefb4b2d5c34d5ef8c41,7dbf2b9c99cda3bb7d061ef21c295362638cdac8d355156f0055e75c156bd38c,retrospective_reconstruction_not_prospective_timing
expressjs/express,30308733088,1,a3714473feb3d2908add734d340e7755fd85e0a3,2026-07-27T21:54:26Z,2026-07-27T21:54:26Z,,,2026-09-07T05:54:13.457057Z,2026-07-27T21:54:27Z,2026-07-27T21:54:28Z,90119120907,2026-07-27T21:54:30Z,Run actions/checkout@9c091bb21b7c1c1d1991bb908d89e4e9dddfe3e0,,2026-09-07T05:57:10.392047Z,,,,,2.0,1.0,-3571185.457057,-3571362.392047,True,7f971884a2316fc3cece88edc48ea017da424333f238ba7fc7584f5f00e427bc,8864ae8d6b8cc33d5d5b7025728b80b9c824dd0940c2d16ba73ad21ecc9fbd4d,retrospective_reconstruction_not_prospective_timing
expressjs/express,28801417583,1,5175d2f357e9c6fac998812b3fc22a1a90ead988,2026-07-06T15:03:49Z,2026-07-06T15:03:49Z,,,2026-09-07T05:54:16.075263Z,2026-07-06T15:03:50Z,2026-07-06T15:03:52Z,85405485207,2026-07-06T15:03:53Z,Run actions/checkout@9c091bb21b7c1c1d1991bb908d89e4e9dddfe3e0,,2026-09-07T05:57:13.746089Z,,,,,3.0,1.0,-5410224.075263,-5410401.746089,True,c9746a9c712f3ba1a4558b6a77027abb6499d9f45fbf29a178a468fea30b1581,142036c30b745d613dd11db8b2e992325f3c2218f1847b038a4d76908d56f726,retrospective_reconstruction_not_prospective_timing
